advice_number,volume,volume_title,module,module_title,lesson_type,lesson_title,page,board_question,core_rule
1,1,Thinking Like a Strong Player,1,Read the Last Move as New Evidence,Core Advice,Read the Last Move as New Evidence - The Rule,6,What is possible now that was impossible one move ago?,"Before choosing a move, explain what the opponent's last move changed, attacked, defended, opened, closed, or abandoned."
2,1,Thinking Like a Strong Player,1,Read the Last Move as New Evidence,Recognition,Read the Last Move as New Evidence - How to Notice It,7,What is possible now that was impossible one move ago?,"Before choosing a move, explain what the opponent's last move changed, attacked, defended, opened, closed, or abandoned."
3,1,Thinking Like a Strong Player,1,Read the Last Move as New Evidence,Board Use,Read the Last Move as New Evidence - Use It at the Board,8,What is possible now that was impossible one move ago?,"Before choosing a move, explain what the opponent's last move changed, attacked, defended, opened, closed, or abandoned."
4,1,Thinking Like a Strong Player,1,Read the Last Move as New Evidence,Exceptions,Read the Last Move as New Evidence - Know When to Break It,9,What exact feature would justify breaking this advice here?,"Before choosing a move, explain what the opponent's last move changed, attacked, defended, opened, closed, or abandoned."
5,1,Thinking Like a Strong Player,1,Read the Last Move as New Evidence,Training,Read the Last Move as New Evidence - Make It Automatic,10,What is possible now that was impossible one move ago?,"Before choosing a move, explain what the opponent's last move changed, attacked, defended, opened, closed, or abandoned."
6,1,Thinking Like a Strong Player,2,Name the Position's Main Problem,Core Advice,Name the Position's Main Problem - The Rule,12,"If I could fix only one thing this move, what must it be?","State the single most urgent problem before generating moves: survival, king safety, development, a loose piece, a break, or conversion."
7,1,Thinking Like a Strong Player,2,Name the Position's Main Problem,Recognition,Name the Position's Main Problem - How to Notice It,13,"If I could fix only one thing this move, what must it be?","State the single most urgent problem before generating moves: survival, king safety, development, a loose piece, a break, or conversion."
8,1,Thinking Like a Strong Player,2,Name the Position's Main Problem,Board Use,Name the Position's Main Problem - Use It at the Board,14,"If I could fix only one thing this move, what must it be?","State the single most urgent problem before generating moves: survival, king safety, development, a loose piece, a break, or conversion."
9,1,Thinking Like a Strong Player,2,Name the Position's Main Problem,Exceptions,Name the Position's Main Problem - Know When to Break It,15,What exact feature would justify breaking this advice here?,"State the single most urgent problem before generating moves: survival, king safety, development, a loose piece, a break, or conversion."
10,1,Thinking Like a Strong Player,2,Name the Position's Main Problem,Training,Name the Position's Main Problem - Make It Automatic,16,"If I could fix only one thing this move, what must it be?","State the single most urgent problem before generating moves: survival, king safety, development, a loose piece, a break, or conversion."
11,1,Thinking Like a Strong Player,3,Separate Observation from Evaluation,Core Advice,Separate Observation from Evaluation - The Rule,18,"Which parts of my evaluation are facts, and which are assumptions?","First list facts about material, threats, lines, pawn structure, and piece activity; only then decide who is better and why."
12,1,Thinking Like a Strong Player,3,Separate Observation from Evaluation,Recognition,Separate Observation from Evaluation - How to Notice It,19,"Which parts of my evaluation are facts, and which are assumptions?","First list facts about material, threats, lines, pawn structure, and piece activity; only then decide who is better and why."
13,1,Thinking Like a Strong Player,3,Separate Observation from Evaluation,Board Use,Separate Observation from Evaluation - Use It at the Board,20,"Which parts of my evaluation are facts, and which are assumptions?","First list facts about material, threats, lines, pawn structure, and piece activity; only then decide who is better and why."
14,1,Thinking Like a Strong Player,3,Separate Observation from Evaluation,Exceptions,Separate Observation from Evaluation - Know When to Break It,21,What exact feature would justify breaking this advice here?,"First list facts about material, threats, lines, pawn structure, and piece activity; only then decide who is better and why."
15,1,Thinking Like a Strong Player,3,Separate Observation from Evaluation,Training,Separate Observation from Evaluation - Make It Automatic,22,"Which parts of my evaluation are facts, and which are assumptions?","First list facts about material, threats, lines, pawn structure, and piece activity; only then decide who is better and why."
16,1,Thinking Like a Strong Player,4,Use a Fixed Thinking Order,Core Advice,Use a Fixed Thinking Order - The Rule,24,Have I cleared the urgent layers before I think about plans?,"Check legality and tactics, then king safety, forcing play, material, activity, structure, space, and long-term plans."
17,1,Thinking Like a Strong Player,4,Use a Fixed Thinking Order,Recognition,Use a Fixed Thinking Order - How to Notice It,25,Have I cleared the urgent layers before I think about plans?,"Check legality and tactics, then king safety, forcing play, material, activity, structure, space, and long-term plans."
18,1,Thinking Like a Strong Player,4,Use a Fixed Thinking Order,Board Use,Use a Fixed Thinking Order - Use It at the Board,26,Have I cleared the urgent layers before I think about plans?,"Check legality and tactics, then king safety, forcing play, material, activity, structure, space, and long-term plans."
19,1,Thinking Like a Strong Player,4,Use a Fixed Thinking Order,Exceptions,Use a Fixed Thinking Order - Know When to Break It,27,What exact feature would justify breaking this advice here?,"Check legality and tactics, then king safety, forcing play, material, activity, structure, space, and long-term plans."
20,1,Thinking Like a Strong Player,4,Use a Fixed Thinking Order,Training,Use a Fixed Thinking Order - Make It Automatic,28,Have I cleared the urgent layers before I think about plans?,"Check legality and tactics, then king safety, forcing play, material, activity, structure, space, and long-term plans."
21,1,Thinking Like a Strong Player,5,Generate Before You Judge,Core Advice,Generate Before You Judge - The Rule,30,What serious move would I examine if my first idea were illegal?,Produce a small candidate list before calculating deeply or falling in love with the first attractive move.
22,1,Thinking Like a Strong Player,5,Generate Before You Judge,Recognition,Generate Before You Judge - How to Notice It,31,What serious move would I examine if my first idea were illegal?,Produce a small candidate list before calculating deeply or falling in love with the first attractive move.
23,1,Thinking Like a Strong Player,5,Generate Before You Judge,Board Use,Generate Before You Judge - Use It at the Board,32,What serious move would I examine if my first idea were illegal?,Produce a small candidate list before calculating deeply or falling in love with the first attractive move.
24,1,Thinking Like a Strong Player,5,Generate Before You Judge,Exceptions,Generate Before You Judge - Know When to Break It,33,What exact feature would justify breaking this advice here?,Produce a small candidate list before calculating deeply or falling in love with the first attractive move.
25,1,Thinking Like a Strong Player,5,Generate Before You Judge,Training,Generate Before You Judge - Make It Automatic,34,What serious move would I examine if my first idea were illegal?,Produce a small candidate list before calculating deeply or falling in love with the first attractive move.
26,1,Thinking Like a Strong Player,6,"Compare End Positions, Not Move Beauty",Core Advice,"Compare End Positions, Not Move Beauty - The Rule",36,Which resulting position would I willingly play against best defense?,Judge candidates by the positions they are likely to produce after the opponent's best resistance.
27,1,Thinking Like a Strong Player,6,"Compare End Positions, Not Move Beauty",Recognition,"Compare End Positions, Not Move Beauty - How to Notice It",37,Which resulting position would I willingly play against best defense?,Judge candidates by the positions they are likely to produce after the opponent's best resistance.
28,1,Thinking Like a Strong Player,6,"Compare End Positions, Not Move Beauty",Board Use,"Compare End Positions, Not Move Beauty - Use It at the Board",38,Which resulting position would I willingly play against best defense?,Judge candidates by the positions they are likely to produce after the opponent's best resistance.
29,1,Thinking Like a Strong Player,6,"Compare End Positions, Not Move Beauty",Exceptions,"Compare End Positions, Not Move Beauty - Know When to Break It",39,What exact feature would justify breaking this advice here?,Judge candidates by the positions they are likely to produce after the opponent's best resistance.
30,1,Thinking Like a Strong Player,6,"Compare End Positions, Not Move Beauty",Training,"Compare End Positions, Not Move Beauty - Make It Automatic",40,Which resulting position would I willingly play against best defense?,Judge candidates by the positions they are likely to produce after the opponent's best resistance.
31,1,Thinking Like a Strong Player,7,Ask What the Opponent Wants,Core Advice,Ask What the Opponent Wants - The Rule,42,"If it were their turn again, what would they play?","Treat the opponent as an intelligent collaborator in the analysis and identify their best threat, break, exchange, or improving move."
32,1,Thinking Like a Strong Player,7,Ask What the Opponent Wants,Recognition,Ask What the Opponent Wants - How to Notice It,43,"If it were their turn again, what would they play?","Treat the opponent as an intelligent collaborator in the analysis and identify their best threat, break, exchange, or improving move."
33,1,Thinking Like a Strong Player,7,Ask What the Opponent Wants,Board Use,Ask What the Opponent Wants - Use It at the Board,44,"If it were their turn again, what would they play?","Treat the opponent as an intelligent collaborator in the analysis and identify their best threat, break, exchange, or improving move."
34,1,Thinking Like a Strong Player,7,Ask What the Opponent Wants,Exceptions,Ask What the Opponent Wants - Know When to Break It,45,What exact feature would justify breaking this advice here?,"Treat the opponent as an intelligent collaborator in the analysis and identify their best threat, break, exchange, or improving move."
35,1,Thinking Like a Strong Player,7,Ask What the Opponent Wants,Training,Ask What the Opponent Wants - Make It Automatic,46,"If it were their turn again, what would they play?","Treat the opponent as an intelligent collaborator in the analysis and identify their best threat, break, exchange, or improving move."
36,1,Thinking Like a Strong Player,8,Prefer Questions That Produce Moves,Core Advice,Prefer Questions That Produce Moves - The Rule,48,What question would give me a candidate within thirty seconds?,"Replace vague thoughts such as ""I feel worse"" with concrete questions about threats, loose pieces, breaks, worst pieces, and favorable exchanges."
37,1,Thinking Like a Strong Player,8,Prefer Questions That Produce Moves,Recognition,Prefer Questions That Produce Moves - How to Notice It,49,What question would give me a candidate within thirty seconds?,"Replace vague thoughts such as ""I feel worse"" with concrete questions about threats, loose pieces, breaks, worst pieces, and favorable exchanges."
38,1,Thinking Like a Strong Player,8,Prefer Questions That Produce Moves,Board Use,Prefer Questions That Produce Moves - Use It at the Board,50,What question would give me a candidate within thirty seconds?,"Replace vague thoughts such as ""I feel worse"" with concrete questions about threats, loose pieces, breaks, worst pieces, and favorable exchanges."
39,1,Thinking Like a Strong Player,8,Prefer Questions That Produce Moves,Exceptions,Prefer Questions That Produce Moves - Know When to Break It,51,What exact feature would justify breaking this advice here?,"Replace vague thoughts such as ""I feel worse"" with concrete questions about threats, loose pieces, breaks, worst pieces, and favorable exchanges."
40,1,Thinking Like a Strong Player,8,Prefer Questions That Produce Moves,Training,Prefer Questions That Produce Moves - Make It Automatic,52,What question would give me a candidate within thirty seconds?,"Replace vague thoughts such as ""I feel worse"" with concrete questions about threats, loose pieces, breaks, worst pieces, and favorable exchanges."
41,1,Thinking Like a Strong Player,9,Reset After Every Variation,Core Advice,Reset After Every Variation - The Rule,54,Where is every moved or captured unit in the original position?,"When a calculation branch ends, mentally restore every piece and pawn before starting the next candidate."
42,1,Thinking Like a Strong Player,9,Reset After Every Variation,Recognition,Reset After Every Variation - How to Notice It,55,Where is every moved or captured unit in the original position?,"When a calculation branch ends, mentally restore every piece and pawn before starting the next candidate."
43,1,Thinking Like a Strong Player,9,Reset After Every Variation,Board Use,Reset After Every Variation - Use It at the Board,56,Where is every moved or captured unit in the original position?,"When a calculation branch ends, mentally restore every piece and pawn before starting the next candidate."
44,1,Thinking Like a Strong Player,9,Reset After Every Variation,Exceptions,Reset After Every Variation - Know When to Break It,57,What exact feature would justify breaking this advice here?,"When a calculation branch ends, mentally restore every piece and pawn before starting the next candidate."
45,1,Thinking Like a Strong Player,9,Reset After Every Variation,Training,Reset After Every Variation - Make It Automatic,58,Where is every moved or captured unit in the original position?,"When a calculation branch ends, mentally restore every piece and pawn before starting the next candidate."
46,1,Thinking Like a Strong Player,10,"Make a Decision, Then Verify It",Core Advice,"Make a Decision, Then Verify It - The Rule",60,What is the strongest forcing reply to my chosen move?,"After choosing a move, run one short verification from the opponent's point of view before touching the piece."
47,1,Thinking Like a Strong Player,10,"Make a Decision, Then Verify It",Recognition,"Make a Decision, Then Verify It - How to Notice It",61,What is the strongest forcing reply to my chosen move?,"After choosing a move, run one short verification from the opponent's point of view before touching the piece."
48,1,Thinking Like a Strong Player,10,"Make a Decision, Then Verify It",Board Use,"Make a Decision, Then Verify It - Use It at the Board",62,What is the strongest forcing reply to my chosen move?,"After choosing a move, run one short verification from the opponent's point of view before touching the piece."
49,1,Thinking Like a Strong Player,10,"Make a Decision, Then Verify It",Exceptions,"Make a Decision, Then Verify It - Know When to Break It",63,What exact feature would justify breaking this advice here?,"After choosing a move, run one short verification from the opponent's point of view before touching the piece."
50,1,Thinking Like a Strong Player,10,"Make a Decision, Then Verify It",Training,"Make a Decision, Then Verify It - Make It Automatic",64,What is the strongest forcing reply to my chosen move?,"After choosing a move, run one short verification from the opponent's point of view before touching the piece."
51,2,Blunder Prevention and Tactical Safety,1,Scan Checks Captures and Threats for Both Sides,Core Advice,Scan Checks Captures and Threats for Both Sides - The Rule,6,Which forcing move changes the position most immediately?,"Before strategic analysis, list forcing moves for the opponent and for yourself."
52,2,Blunder Prevention and Tactical Safety,1,Scan Checks Captures and Threats for Both Sides,Recognition,Scan Checks Captures and Threats for Both Sides - How to Notice It,7,Which forcing move changes the position most immediately?,"Before strategic analysis, list forcing moves for the opponent and for yourself."
53,2,Blunder Prevention and Tactical Safety,1,Scan Checks Captures and Threats for Both Sides,Board Use,Scan Checks Captures and Threats for Both Sides - Use It at the Board,8,Which forcing move changes the position most immediately?,"Before strategic analysis, list forcing moves for the opponent and for yourself."
54,2,Blunder Prevention and Tactical Safety,1,Scan Checks Captures and Threats for Both Sides,Exceptions,Scan Checks Captures and Threats for Both Sides - Know When to Break It,9,What exact feature would justify breaking this advice here?,"Before strategic analysis, list forcing moves for the opponent and for yourself."
55,2,Blunder Prevention and Tactical Safety,1,Scan Checks Captures and Threats for Both Sides,Training,Scan Checks Captures and Threats for Both Sides - Make It Automatic,10,Which forcing move changes the position most immediately?,"Before strategic analysis, list forcing moves for the opponent and for yourself."
56,2,Blunder Prevention and Tactical Safety,2,Track Loose and Underdefended Pieces,Core Advice,Track Loose and Underdefended Pieces - The Rule,12,Which unit would become a target if one defender disappeared?,"Inventory every attacked piece that is undefended, defended once, pinned, overloaded, or aligned with a valuable unit."
57,2,Blunder Prevention and Tactical Safety,2,Track Loose and Underdefended Pieces,Recognition,Track Loose and Underdefended Pieces - How to Notice It,13,Which unit would become a target if one defender disappeared?,"Inventory every attacked piece that is undefended, defended once, pinned, overloaded, or aligned with a valuable unit."
58,2,Blunder Prevention and Tactical Safety,2,Track Loose and Underdefended Pieces,Board Use,Track Loose and Underdefended Pieces - Use It at the Board,14,Which unit would become a target if one defender disappeared?,"Inventory every attacked piece that is undefended, defended once, pinned, overloaded, or aligned with a valuable unit."
59,2,Blunder Prevention and Tactical Safety,2,Track Loose and Underdefended Pieces,Exceptions,Track Loose and Underdefended Pieces - Know When to Break It,15,What exact feature would justify breaking this advice here?,"Inventory every attacked piece that is undefended, defended once, pinned, overloaded, or aligned with a valuable unit."
60,2,Blunder Prevention and Tactical Safety,2,Track Loose and Underdefended Pieces,Training,Track Loose and Underdefended Pieces - Make It Automatic,16,Which unit would become a target if one defender disappeared?,"Inventory every attacked piece that is undefended, defended once, pinned, overloaded, or aligned with a valuable unit."
61,2,Blunder Prevention and Tactical Safety,3,Check the Destination Square,Core Advice,Check the Destination Square - The Rule,18,"What can capture my piece there, and what becomes undefended when it leaves?","Before moving a piece, verify that its destination is safe and that the path or move does not expose something behind it."
62,2,Blunder Prevention and Tactical Safety,3,Check the Destination Square,Recognition,Check the Destination Square - How to Notice It,19,"What can capture my piece there, and what becomes undefended when it leaves?","Before moving a piece, verify that its destination is safe and that the path or move does not expose something behind it."
63,2,Blunder Prevention and Tactical Safety,3,Check the Destination Square,Board Use,Check the Destination Square - Use It at the Board,20,"What can capture my piece there, and what becomes undefended when it leaves?","Before moving a piece, verify that its destination is safe and that the path or move does not expose something behind it."
64,2,Blunder Prevention and Tactical Safety,3,Check the Destination Square,Exceptions,Check the Destination Square - Know When to Break It,21,What exact feature would justify breaking this advice here?,"Before moving a piece, verify that its destination is safe and that the path or move does not expose something behind it."
65,2,Blunder Prevention and Tactical Safety,3,Check the Destination Square,Training,Check the Destination Square - Make It Automatic,22,"What can capture my piece there, and what becomes undefended when it leaves?","Before moving a piece, verify that its destination is safe and that the path or move does not expose something behind it."
66,2,Blunder Prevention and Tactical Safety,4,Inspect Every Recapture,Core Advice,Inspect Every Recapture - The Rule,24,Which recapture gives my pieces the best future and their pieces the least activity?,Never treat a recapture as automatic; compare the available recaptures and the option not to recapture.
67,2,Blunder Prevention and Tactical Safety,4,Inspect Every Recapture,Recognition,Inspect Every Recapture - How to Notice It,25,Which recapture gives my pieces the best future and their pieces the least activity?,Never treat a recapture as automatic; compare the available recaptures and the option not to recapture.
68,2,Blunder Prevention and Tactical Safety,4,Inspect Every Recapture,Board Use,Inspect Every Recapture - Use It at the Board,26,Which recapture gives my pieces the best future and their pieces the least activity?,Never treat a recapture as automatic; compare the available recaptures and the option not to recapture.
69,2,Blunder Prevention and Tactical Safety,4,Inspect Every Recapture,Exceptions,Inspect Every Recapture - Know When to Break It,27,What exact feature would justify breaking this advice here?,Never treat a recapture as automatic; compare the available recaptures and the option not to recapture.
70,2,Blunder Prevention and Tactical Safety,4,Inspect Every Recapture,Training,Inspect Every Recapture - Make It Automatic,28,Which recapture gives my pieces the best future and their pieces the least activity?,Never treat a recapture as automatic; compare the available recaptures and the option not to recapture.
71,2,Blunder Prevention and Tactical Safety,5,Respect Pins and X-Rays,Core Advice,Respect Pins and X-Rays - The Rule,30,"Is this defender real, or only drawn on the board?","Before counting defenders, ask whether each defender is legally or tactically able to move."
72,2,Blunder Prevention and Tactical Safety,5,Respect Pins and X-Rays,Recognition,Respect Pins and X-Rays - How to Notice It,31,"Is this defender real, or only drawn on the board?","Before counting defenders, ask whether each defender is legally or tactically able to move."
73,2,Blunder Prevention and Tactical Safety,5,Respect Pins and X-Rays,Board Use,Respect Pins and X-Rays - Use It at the Board,32,"Is this defender real, or only drawn on the board?","Before counting defenders, ask whether each defender is legally or tactically able to move."
74,2,Blunder Prevention and Tactical Safety,5,Respect Pins and X-Rays,Exceptions,Respect Pins and X-Rays - Know When to Break It,33,What exact feature would justify breaking this advice here?,"Before counting defenders, ask whether each defender is legally or tactically able to move."
75,2,Blunder Prevention and Tactical Safety,5,Respect Pins and X-Rays,Training,Respect Pins and X-Rays - Make It Automatic,34,"Is this defender real, or only drawn on the board?","Before counting defenders, ask whether each defender is legally or tactically able to move."
76,2,Blunder Prevention and Tactical Safety,6,Run a Back-Rank Audit,Core Advice,Run a Back-Rank Audit - The Rule,36,"If a heavy piece reached my back rank, what exactly would happen?","Check escape squares, luft, rook coordination, and whether a queen or rook can invade the back rank."
77,2,Blunder Prevention and Tactical Safety,6,Run a Back-Rank Audit,Recognition,Run a Back-Rank Audit - How to Notice It,37,"If a heavy piece reached my back rank, what exactly would happen?","Check escape squares, luft, rook coordination, and whether a queen or rook can invade the back rank."
78,2,Blunder Prevention and Tactical Safety,6,Run a Back-Rank Audit,Board Use,Run a Back-Rank Audit - Use It at the Board,38,"If a heavy piece reached my back rank, what exactly would happen?","Check escape squares, luft, rook coordination, and whether a queen or rook can invade the back rank."
79,2,Blunder Prevention and Tactical Safety,6,Run a Back-Rank Audit,Exceptions,Run a Back-Rank Audit - Know When to Break It,39,What exact feature would justify breaking this advice here?,"Check escape squares, luft, rook coordination, and whether a queen or rook can invade the back rank."
80,2,Blunder Prevention and Tactical Safety,6,Run a Back-Rank Audit,Training,Run a Back-Rank Audit - Make It Automatic,40,"If a heavy piece reached my back rank, what exactly would happen?","Check escape squares, luft, rook coordination, and whether a queen or rook can invade the back rank."
81,2,Blunder Prevention and Tactical Safety,7,Notice Overloaded Defenders,Core Advice,Notice Overloaded Defenders - The Rule,42,Which defender cannot satisfy all of its obligations?,Identify pieces performing two incompatible jobs and test whether a forcing move can make one duty fail.
82,2,Blunder Prevention and Tactical Safety,7,Notice Overloaded Defenders,Recognition,Notice Overloaded Defenders - How to Notice It,43,Which defender cannot satisfy all of its obligations?,Identify pieces performing two incompatible jobs and test whether a forcing move can make one duty fail.
83,2,Blunder Prevention and Tactical Safety,7,Notice Overloaded Defenders,Board Use,Notice Overloaded Defenders - Use It at the Board,44,Which defender cannot satisfy all of its obligations?,Identify pieces performing two incompatible jobs and test whether a forcing move can make one duty fail.
84,2,Blunder Prevention and Tactical Safety,7,Notice Overloaded Defenders,Exceptions,Notice Overloaded Defenders - Know When to Break It,45,What exact feature would justify breaking this advice here?,Identify pieces performing two incompatible jobs and test whether a forcing move can make one duty fail.
85,2,Blunder Prevention and Tactical Safety,7,Notice Overloaded Defenders,Training,Notice Overloaded Defenders - Make It Automatic,46,Which defender cannot satisfy all of its obligations?,Identify pieces performing two incompatible jobs and test whether a forcing move can make one duty fail.
86,2,Blunder Prevention and Tactical Safety,8,Recount After Every Exchange,Core Advice,Recount After Every Exchange - The Rule,48,"What remains on the board, and whose move is it?","After a sequence of trades, recount material, kings, and remaining threats rather than relying on memory."
87,2,Blunder Prevention and Tactical Safety,8,Recount After Every Exchange,Recognition,Recount After Every Exchange - How to Notice It,49,"What remains on the board, and whose move is it?","After a sequence of trades, recount material, kings, and remaining threats rather than relying on memory."
88,2,Blunder Prevention and Tactical Safety,8,Recount After Every Exchange,Board Use,Recount After Every Exchange - Use It at the Board,50,"What remains on the board, and whose move is it?","After a sequence of trades, recount material, kings, and remaining threats rather than relying on memory."
89,2,Blunder Prevention and Tactical Safety,8,Recount After Every Exchange,Exceptions,Recount After Every Exchange - Know When to Break It,51,What exact feature would justify breaking this advice here?,"After a sequence of trades, recount material, kings, and remaining threats rather than relying on memory."
90,2,Blunder Prevention and Tactical Safety,8,Recount After Every Exchange,Training,Recount After Every Exchange - Make It Automatic,52,"What remains on the board, and whose move is it?","After a sequence of trades, recount material, kings, and remaining threats rather than relying on memory."
91,2,Blunder Prevention and Tactical Safety,9,Beware the Natural Move,Core Advice,Beware the Natural Move - The Rule,54,What concrete reason could make this normal move fail here?,"Treat an obvious developing move, recapture, or check as a candidate that still must pass a tactical test."
92,2,Blunder Prevention and Tactical Safety,9,Beware the Natural Move,Recognition,Beware the Natural Move - How to Notice It,55,What concrete reason could make this normal move fail here?,"Treat an obvious developing move, recapture, or check as a candidate that still must pass a tactical test."
93,2,Blunder Prevention and Tactical Safety,9,Beware the Natural Move,Board Use,Beware the Natural Move - Use It at the Board,56,What concrete reason could make this normal move fail here?,"Treat an obvious developing move, recapture, or check as a candidate that still must pass a tactical test."
94,2,Blunder Prevention and Tactical Safety,9,Beware the Natural Move,Exceptions,Beware the Natural Move - Know When to Break It,57,What exact feature would justify breaking this advice here?,"Treat an obvious developing move, recapture, or check as a candidate that still must pass a tactical test."
95,2,Blunder Prevention and Tactical Safety,9,Beware the Natural Move,Training,Beware the Natural Move - Make It Automatic,58,What concrete reason could make this normal move fail here?,"Treat an obvious developing move, recapture, or check as a candidate that still must pass a tactical test."
96,2,Blunder Prevention and Tactical Safety,10,Use the Opponent's Eyes,Core Advice,Use the Opponent's Eyes - The Rule,60,"If I were trying to punish this move, where would I look first?","Before playing, turn the board mentally and search for the reply they would be delighted to see."
97,2,Blunder Prevention and Tactical Safety,10,Use the Opponent's Eyes,Recognition,Use the Opponent's Eyes - How to Notice It,61,"If I were trying to punish this move, where would I look first?","Before playing, turn the board mentally and search for the reply they would be delighted to see."
98,2,Blunder Prevention and Tactical Safety,10,Use the Opponent's Eyes,Board Use,Use the Opponent's Eyes - Use It at the Board,62,"If I were trying to punish this move, where would I look first?","Before playing, turn the board mentally and search for the reply they would be delighted to see."
99,2,Blunder Prevention and Tactical Safety,10,Use the Opponent's Eyes,Exceptions,Use the Opponent's Eyes - Know When to Break It,63,What exact feature would justify breaking this advice here?,"Before playing, turn the board mentally and search for the reply they would be delighted to see."
100,2,Blunder Prevention and Tactical Safety,10,Use the Opponent's Eyes,Training,Use the Opponent's Eyes - Make It Automatic,64,"If I were trying to punish this move, where would I look first?","Before playing, turn the board mentally and search for the reply they would be delighted to see."
101,3,Candidate Moves and Choice,1,Begin with Forcing Candidates,Core Advice,Begin with Forcing Candidates - The Rule,6,Which forcing move deserves calculation even if it looks strange?,"Examine serious checks, captures, and direct threats before quiet moves."
102,3,Candidate Moves and Choice,1,Begin with Forcing Candidates,Recognition,Begin with Forcing Candidates - How to Notice It,7,Which forcing move deserves calculation even if it looks strange?,"Examine serious checks, captures, and direct threats before quiet moves."
103,3,Candidate Moves and Choice,1,Begin with Forcing Candidates,Board Use,Begin with Forcing Candidates - Use It at the Board,8,Which forcing move deserves calculation even if it looks strange?,"Examine serious checks, captures, and direct threats before quiet moves."
104,3,Candidate Moves and Choice,1,Begin with Forcing Candidates,Exceptions,Begin with Forcing Candidates - Know When to Break It,9,What exact feature would justify breaking this advice here?,"Examine serious checks, captures, and direct threats before quiet moves."
105,3,Candidate Moves and Choice,1,Begin with Forcing Candidates,Training,Begin with Forcing Candidates - Make It Automatic,10,Which forcing move deserves calculation even if it looks strange?,"Examine serious checks, captures, and direct threats before quiet moves."
106,3,Candidate Moves and Choice,2,Include One Quiet Improving Move,Core Advice,Include One Quiet Improving Move - The Rule,12,What useful move would I play if no forcing move existed?,"After forcing moves, add a candidate that improves the worst piece, restricts counterplay, or prepares a break."
107,3,Candidate Moves and Choice,2,Include One Quiet Improving Move,Recognition,Include One Quiet Improving Move - How to Notice It,13,What useful move would I play if no forcing move existed?,"After forcing moves, add a candidate that improves the worst piece, restricts counterplay, or prepares a break."
108,3,Candidate Moves and Choice,2,Include One Quiet Improving Move,Board Use,Include One Quiet Improving Move - Use It at the Board,14,What useful move would I play if no forcing move existed?,"After forcing moves, add a candidate that improves the worst piece, restricts counterplay, or prepares a break."
109,3,Candidate Moves and Choice,2,Include One Quiet Improving Move,Exceptions,Include One Quiet Improving Move - Know When to Break It,15,What exact feature would justify breaking this advice here?,"After forcing moves, add a candidate that improves the worst piece, restricts counterplay, or prepares a break."
110,3,Candidate Moves and Choice,2,Include One Quiet Improving Move,Training,Include One Quiet Improving Move - Make It Automatic,16,What useful move would I play if no forcing move existed?,"After forcing moves, add a candidate that improves the worst piece, restricts counterplay, or prepares a break."
111,3,Candidate Moves and Choice,3,Generate from Plans and Features,Core Advice,Generate from Plans and Features - The Rule,18,Which visible feature has not yet produced a candidate?,"Let threats, weak squares, pawn breaks, bad pieces, and favorable exchanges each suggest candidates."
112,3,Candidate Moves and Choice,3,Generate from Plans and Features,Recognition,Generate from Plans and Features - How to Notice It,19,Which visible feature has not yet produced a candidate?,"Let threats, weak squares, pawn breaks, bad pieces, and favorable exchanges each suggest candidates."
113,3,Candidate Moves and Choice,3,Generate from Plans and Features,Board Use,Generate from Plans and Features - Use It at the Board,20,Which visible feature has not yet produced a candidate?,"Let threats, weak squares, pawn breaks, bad pieces, and favorable exchanges each suggest candidates."
114,3,Candidate Moves and Choice,3,Generate from Plans and Features,Exceptions,Generate from Plans and Features - Know When to Break It,21,What exact feature would justify breaking this advice here?,"Let threats, weak squares, pawn breaks, bad pieces, and favorable exchanges each suggest candidates."
115,3,Candidate Moves and Choice,3,Generate from Plans and Features,Training,Generate from Plans and Features - Make It Automatic,22,Which visible feature has not yet produced a candidate?,"Let threats, weak squares, pawn breaks, bad pieces, and favorable exchanges each suggest candidates."
116,3,Candidate Moves and Choice,4,Limit the Serious Candidate List,Core Advice,Limit the Serious Candidate List - The Rule,24,"Are these candidates genuinely different, or cosmetic versions of one idea?",Usually calculate two to four serious moves rather than every legal move.
117,3,Candidate Moves and Choice,4,Limit the Serious Candidate List,Recognition,Limit the Serious Candidate List - How to Notice It,25,"Are these candidates genuinely different, or cosmetic versions of one idea?",Usually calculate two to four serious moves rather than every legal move.
118,3,Candidate Moves and Choice,4,Limit the Serious Candidate List,Board Use,Limit the Serious Candidate List - Use It at the Board,26,"Are these candidates genuinely different, or cosmetic versions of one idea?",Usually calculate two to four serious moves rather than every legal move.
119,3,Candidate Moves and Choice,4,Limit the Serious Candidate List,Exceptions,Limit the Serious Candidate List - Know When to Break It,27,What exact feature would justify breaking this advice here?,Usually calculate two to four serious moves rather than every legal move.
120,3,Candidate Moves and Choice,4,Limit the Serious Candidate List,Training,Limit the Serious Candidate List - Make It Automatic,28,"Are these candidates genuinely different, or cosmetic versions of one idea?",Usually calculate two to four serious moves rather than every legal move.
121,3,Candidate Moves and Choice,5,Keep a Candidate Alive Until Refuted,Core Advice,Keep a Candidate Alive Until Refuted - The Rule,30,What exact line or endpoint makes me reject this move?,"Reject a move only for a stated tactical, evaluative, or practical reason."
122,3,Candidate Moves and Choice,5,Keep a Candidate Alive Until Refuted,Recognition,Keep a Candidate Alive Until Refuted - How to Notice It,31,What exact line or endpoint makes me reject this move?,"Reject a move only for a stated tactical, evaluative, or practical reason."
123,3,Candidate Moves and Choice,5,Keep a Candidate Alive Until Refuted,Board Use,Keep a Candidate Alive Until Refuted - Use It at the Board,32,What exact line or endpoint makes me reject this move?,"Reject a move only for a stated tactical, evaluative, or practical reason."
124,3,Candidate Moves and Choice,5,Keep a Candidate Alive Until Refuted,Exceptions,Keep a Candidate Alive Until Refuted - Know When to Break It,33,What exact feature would justify breaking this advice here?,"Reject a move only for a stated tactical, evaluative, or practical reason."
125,3,Candidate Moves and Choice,5,Keep a Candidate Alive Until Refuted,Training,Keep a Candidate Alive Until Refuted - Make It Automatic,34,What exact line or endpoint makes me reject this move?,"Reject a move only for a stated tactical, evaluative, or practical reason."
126,3,Candidate Moves and Choice,6,Search for the Opponent's Best Reply,Core Advice,Search for the Opponent's Best Reply - The Rule,36,How would a strong defender make this candidate look foolish?,"For each candidate, begin with the most forcing and least cooperative response."
127,3,Candidate Moves and Choice,6,Search for the Opponent's Best Reply,Recognition,Search for the Opponent's Best Reply - How to Notice It,37,How would a strong defender make this candidate look foolish?,"For each candidate, begin with the most forcing and least cooperative response."
128,3,Candidate Moves and Choice,6,Search for the Opponent's Best Reply,Board Use,Search for the Opponent's Best Reply - Use It at the Board,38,How would a strong defender make this candidate look foolish?,"For each candidate, begin with the most forcing and least cooperative response."
129,3,Candidate Moves and Choice,6,Search for the Opponent's Best Reply,Exceptions,Search for the Opponent's Best Reply - Know When to Break It,39,What exact feature would justify breaking this advice here?,"For each candidate, begin with the most forcing and least cooperative response."
130,3,Candidate Moves and Choice,6,Search for the Opponent's Best Reply,Training,Search for the Opponent's Best Reply - Make It Automatic,40,How would a strong defender make this candidate look foolish?,"For each candidate, begin with the most forcing and least cooperative response."
131,3,Candidate Moves and Choice,7,Compare Candidates at Equal Depth,Core Advice,Compare Candidates at Equal Depth - The Rule,42,Have I compared finished ideas or one endpoint against one hope?,Bring competing moves to similarly stable endpoints before deciding.
132,3,Candidate Moves and Choice,7,Compare Candidates at Equal Depth,Recognition,Compare Candidates at Equal Depth - How to Notice It,43,Have I compared finished ideas or one endpoint against one hope?,Bring competing moves to similarly stable endpoints before deciding.
133,3,Candidate Moves and Choice,7,Compare Candidates at Equal Depth,Board Use,Compare Candidates at Equal Depth - Use It at the Board,44,Have I compared finished ideas or one endpoint against one hope?,Bring competing moves to similarly stable endpoints before deciding.
134,3,Candidate Moves and Choice,7,Compare Candidates at Equal Depth,Exceptions,Compare Candidates at Equal Depth - Know When to Break It,45,What exact feature would justify breaking this advice here?,Bring competing moves to similarly stable endpoints before deciding.
135,3,Candidate Moves and Choice,7,Compare Candidates at Equal Depth,Training,Compare Candidates at Equal Depth - Make It Automatic,46,Have I compared finished ideas or one endpoint against one hope?,Bring competing moves to similarly stable endpoints before deciding.
136,3,Candidate Moves and Choice,8,Add an Escape Candidate,Core Advice,Add an Escape Candidate - The Rule,48,What move makes the position easier to play without conceding something essential?,"When all active ideas seem dangerous, include a consolidating move that reduces tactical risk or changes the problem."
137,3,Candidate Moves and Choice,8,Add an Escape Candidate,Recognition,Add an Escape Candidate - How to Notice It,49,What move makes the position easier to play without conceding something essential?,"When all active ideas seem dangerous, include a consolidating move that reduces tactical risk or changes the problem."
138,3,Candidate Moves and Choice,8,Add an Escape Candidate,Board Use,Add an Escape Candidate - Use It at the Board,50,What move makes the position easier to play without conceding something essential?,"When all active ideas seem dangerous, include a consolidating move that reduces tactical risk or changes the problem."
139,3,Candidate Moves and Choice,8,Add an Escape Candidate,Exceptions,Add an Escape Candidate - Know When to Break It,51,What exact feature would justify breaking this advice here?,"When all active ideas seem dangerous, include a consolidating move that reduces tactical risk or changes the problem."
140,3,Candidate Moves and Choice,8,Add an Escape Candidate,Training,Add an Escape Candidate - Make It Automatic,52,What move makes the position easier to play without conceding something essential?,"When all active ideas seem dangerous, include a consolidating move that reduces tactical risk or changes the problem."
141,3,Candidate Moves and Choice,9,Reopen Search Only for New Evidence,Core Advice,Reopen Search Only for New Evidence - The Rule,54,"Did I find new information, or am I merely anxious?","Once candidates are compared, do not restart unless you discover a concrete tactical resource or a mistaken evaluation."
142,3,Candidate Moves and Choice,9,Reopen Search Only for New Evidence,Recognition,Reopen Search Only for New Evidence - How to Notice It,55,"Did I find new information, or am I merely anxious?","Once candidates are compared, do not restart unless you discover a concrete tactical resource or a mistaken evaluation."
143,3,Candidate Moves and Choice,9,Reopen Search Only for New Evidence,Board Use,Reopen Search Only for New Evidence - Use It at the Board,56,"Did I find new information, or am I merely anxious?","Once candidates are compared, do not restart unless you discover a concrete tactical resource or a mistaken evaluation."
144,3,Candidate Moves and Choice,9,Reopen Search Only for New Evidence,Exceptions,Reopen Search Only for New Evidence - Know When to Break It,57,What exact feature would justify breaking this advice here?,"Once candidates are compared, do not restart unless you discover a concrete tactical resource or a mistaken evaluation."
145,3,Candidate Moves and Choice,9,Reopen Search Only for New Evidence,Training,Reopen Search Only for New Evidence - Make It Automatic,58,"Did I find new information, or am I merely anxious?","Once candidates are compared, do not restart unless you discover a concrete tactical resource or a mistaken evaluation."
146,3,Candidate Moves and Choice,10,Choose the Move You Can Defend,Core Advice,Choose the Move You Can Defend - The Rule,60,Can I explain this move and the next two decisions in plain language?,"When evaluations are close, prefer the move whose purpose, risks, and likely replies you understand."
147,3,Candidate Moves and Choice,10,Choose the Move You Can Defend,Recognition,Choose the Move You Can Defend - How to Notice It,61,Can I explain this move and the next two decisions in plain language?,"When evaluations are close, prefer the move whose purpose, risks, and likely replies you understand."
148,3,Candidate Moves and Choice,10,Choose the Move You Can Defend,Board Use,Choose the Move You Can Defend - Use It at the Board,62,Can I explain this move and the next two decisions in plain language?,"When evaluations are close, prefer the move whose purpose, risks, and likely replies you understand."
149,3,Candidate Moves and Choice,10,Choose the Move You Can Defend,Exceptions,Choose the Move You Can Defend - Know When to Break It,63,What exact feature would justify breaking this advice here?,"When evaluations are close, prefer the move whose purpose, risks, and likely replies you understand."
150,3,Candidate Moves and Choice,10,Choose the Move You Can Defend,Training,Choose the Move You Can Defend - Make It Automatic,64,Can I explain this move and the next two decisions in plain language?,"When evaluations are close, prefer the move whose purpose, risks, and likely replies you understand."
151,4,Calculation That You Can Trust,1,Calculate Forcing Lines First,Core Advice,Calculate Forcing Lines First - The Rule,6,Which branch can force the position to clarify fastest?,"Order calculation by checks, forcing captures, direct threats, and only then quieter continuations."
152,4,Calculation That You Can Trust,1,Calculate Forcing Lines First,Recognition,Calculate Forcing Lines First - How to Notice It,7,Which branch can force the position to clarify fastest?,"Order calculation by checks, forcing captures, direct threats, and only then quieter continuations."
153,4,Calculation That You Can Trust,1,Calculate Forcing Lines First,Board Use,Calculate Forcing Lines First - Use It at the Board,8,Which branch can force the position to clarify fastest?,"Order calculation by checks, forcing captures, direct threats, and only then quieter continuations."
154,4,Calculation That You Can Trust,1,Calculate Forcing Lines First,Exceptions,Calculate Forcing Lines First - Know When to Break It,9,What exact feature would justify breaking this advice here?,"Order calculation by checks, forcing captures, direct threats, and only then quieter continuations."
155,4,Calculation That You Can Trust,1,Calculate Forcing Lines First,Training,Calculate Forcing Lines First - Make It Automatic,10,Which branch can force the position to clarify fastest?,"Order calculation by checks, forcing captures, direct threats, and only then quieter continuations."
156,4,Calculation That You Can Trust,2,Visualize One Move at a Time,Core Advice,Visualize One Move at a Time - The Rule,12,What changed on the board after this one move?,"Update piece locations, lines, and legal moves after each imagined move instead of jumping to an anticipated final picture."
157,4,Calculation That You Can Trust,2,Visualize One Move at a Time,Recognition,Visualize One Move at a Time - How to Notice It,13,What changed on the board after this one move?,"Update piece locations, lines, and legal moves after each imagined move instead of jumping to an anticipated final picture."
158,4,Calculation That You Can Trust,2,Visualize One Move at a Time,Board Use,Visualize One Move at a Time - Use It at the Board,14,What changed on the board after this one move?,"Update piece locations, lines, and legal moves after each imagined move instead of jumping to an anticipated final picture."
159,4,Calculation That You Can Trust,2,Visualize One Move at a Time,Exceptions,Visualize One Move at a Time - Know When to Break It,15,What exact feature would justify breaking this advice here?,"Update piece locations, lines, and legal moves after each imagined move instead of jumping to an anticipated final picture."
160,4,Calculation That You Can Trust,2,Visualize One Move at a Time,Training,Visualize One Move at a Time - Make It Automatic,16,What changed on the board after this one move?,"Update piece locations, lines, and legal moves after each imagined move instead of jumping to an anticipated final picture."
161,4,Calculation That You Can Trust,3,Make the Opponent Difficult,Core Advice,Make the Opponent Difficult - The Rule,18,What reply would I least like to face?,"In every branch, search for their checks, captures, threats, simplifying moves, and counterattacks."
162,4,Calculation That You Can Trust,3,Make the Opponent Difficult,Recognition,Make the Opponent Difficult - How to Notice It,19,What reply would I least like to face?,"In every branch, search for their checks, captures, threats, simplifying moves, and counterattacks."
163,4,Calculation That You Can Trust,3,Make the Opponent Difficult,Board Use,Make the Opponent Difficult - Use It at the Board,20,What reply would I least like to face?,"In every branch, search for their checks, captures, threats, simplifying moves, and counterattacks."
164,4,Calculation That You Can Trust,3,Make the Opponent Difficult,Exceptions,Make the Opponent Difficult - Know When to Break It,21,What exact feature would justify breaking this advice here?,"In every branch, search for their checks, captures, threats, simplifying moves, and counterattacks."
165,4,Calculation That You Can Trust,3,Make the Opponent Difficult,Training,Make the Opponent Difficult - Make It Automatic,22,What reply would I least like to face?,"In every branch, search for their checks, captures, threats, simplifying moves, and counterattacks."
166,4,Calculation That You Can Trust,4,Stop at a Stable Endpoint,Core Advice,Stop at a Stable Endpoint - The Rule,24,Has the tactical storm ended enough to evaluate honestly?,"End a branch when forcing play has settled and you can evaluate material, king safety, activity, structure, and future plans."
167,4,Calculation That You Can Trust,4,Stop at a Stable Endpoint,Recognition,Stop at a Stable Endpoint - How to Notice It,25,Has the tactical storm ended enough to evaluate honestly?,"End a branch when forcing play has settled and you can evaluate material, king safety, activity, structure, and future plans."
168,4,Calculation That You Can Trust,4,Stop at a Stable Endpoint,Board Use,Stop at a Stable Endpoint - Use It at the Board,26,Has the tactical storm ended enough to evaluate honestly?,"End a branch when forcing play has settled and you can evaluate material, king safety, activity, structure, and future plans."
169,4,Calculation That You Can Trust,4,Stop at a Stable Endpoint,Exceptions,Stop at a Stable Endpoint - Know When to Break It,27,What exact feature would justify breaking this advice here?,"End a branch when forcing play has settled and you can evaluate material, king safety, activity, structure, and future plans."
170,4,Calculation That You Can Trust,4,Stop at a Stable Endpoint,Training,Stop at a Stable Endpoint - Make It Automatic,28,Has the tactical storm ended enough to evaluate honestly?,"End a branch when forcing play has settled and you can evaluate material, king safety, activity, structure, and future plans."
171,4,Calculation That You Can Trust,5,Count Before and After,Core Advice,Count Before and After - The Rule,30,"What exactly was exchanged, and what remains?",Keep a running inventory of material during combinations and recount at the endpoint.
172,4,Calculation That You Can Trust,5,Count Before and After,Recognition,Count Before and After - How to Notice It,31,"What exactly was exchanged, and what remains?",Keep a running inventory of material during combinations and recount at the endpoint.
173,4,Calculation That You Can Trust,5,Count Before and After,Board Use,Count Before and After - Use It at the Board,32,"What exactly was exchanged, and what remains?",Keep a running inventory of material during combinations and recount at the endpoint.
174,4,Calculation That You Can Trust,5,Count Before and After,Exceptions,Count Before and After - Know When to Break It,33,What exact feature would justify breaking this advice here?,Keep a running inventory of material during combinations and recount at the endpoint.
175,4,Calculation That You Can Trust,5,Count Before and After,Training,Count Before and After - Make It Automatic,34,"What exactly was exchanged, and what remains?",Keep a running inventory of material during combinations and recount at the endpoint.
176,4,Calculation That You Can Trust,6,Track Critical Squares,Core Advice,Track Critical Squares - The Rule,36,Which square changes function in this variation?,"During a line, note newly vacated, occupied, defended, or controlled squares that affect checks, escapes, and recaptures."
177,4,Calculation That You Can Trust,6,Track Critical Squares,Recognition,Track Critical Squares - How to Notice It,37,Which square changes function in this variation?,"During a line, note newly vacated, occupied, defended, or controlled squares that affect checks, escapes, and recaptures."
178,4,Calculation That You Can Trust,6,Track Critical Squares,Board Use,Track Critical Squares - Use It at the Board,38,Which square changes function in this variation?,"During a line, note newly vacated, occupied, defended, or controlled squares that affect checks, escapes, and recaptures."
179,4,Calculation That You Can Trust,6,Track Critical Squares,Exceptions,Track Critical Squares - Know When to Break It,39,What exact feature would justify breaking this advice here?,"During a line, note newly vacated, occupied, defended, or controlled squares that affect checks, escapes, and recaptures."
180,4,Calculation That You Can Trust,6,Track Critical Squares,Training,Track Critical Squares - Make It Automatic,40,Which square changes function in this variation?,"During a line, note newly vacated, occupied, defended, or controlled squares that affect checks, escapes, and recaptures."
181,4,Calculation That You Can Trust,7,Use Branch Pruning with Reasons,Core Advice,Use Branch Pruning with Reasons - The Rule,42,What fact justifies ending this branch?,"Stop analyzing a branch when it is illegal, clearly inferior, forced into a known endpoint, or dominated by another line."
182,4,Calculation That You Can Trust,7,Use Branch Pruning with Reasons,Recognition,Use Branch Pruning with Reasons - How to Notice It,43,What fact justifies ending this branch?,"Stop analyzing a branch when it is illegal, clearly inferior, forced into a known endpoint, or dominated by another line."
183,4,Calculation That You Can Trust,7,Use Branch Pruning with Reasons,Board Use,Use Branch Pruning with Reasons - Use It at the Board,44,What fact justifies ending this branch?,"Stop analyzing a branch when it is illegal, clearly inferior, forced into a known endpoint, or dominated by another line."
184,4,Calculation That You Can Trust,7,Use Branch Pruning with Reasons,Exceptions,Use Branch Pruning with Reasons - Know When to Break It,45,What exact feature would justify breaking this advice here?,"Stop analyzing a branch when it is illegal, clearly inferior, forced into a known endpoint, or dominated by another line."
185,4,Calculation That You Can Trust,7,Use Branch Pruning with Reasons,Training,Use Branch Pruning with Reasons - Make It Automatic,46,What fact justifies ending this branch?,"Stop analyzing a branch when it is illegal, clearly inferior, forced into a known endpoint, or dominated by another line."
186,4,Calculation That You Can Trust,8,Verify Move Order,Core Advice,Verify Move Order - The Rule,48,Why must this move come first?,"When two useful moves are available, test whether changing the order permits a defense, creates a tempo, or alters a recapture."
187,4,Calculation That You Can Trust,8,Verify Move Order,Recognition,Verify Move Order - How to Notice It,49,Why must this move come first?,"When two useful moves are available, test whether changing the order permits a defense, creates a tempo, or alters a recapture."
188,4,Calculation That You Can Trust,8,Verify Move Order,Board Use,Verify Move Order - Use It at the Board,50,Why must this move come first?,"When two useful moves are available, test whether changing the order permits a defense, creates a tempo, or alters a recapture."
189,4,Calculation That You Can Trust,8,Verify Move Order,Exceptions,Verify Move Order - Know When to Break It,51,What exact feature would justify breaking this advice here?,"When two useful moves are available, test whether changing the order permits a defense, creates a tempo, or alters a recapture."
190,4,Calculation That You Can Trust,8,Verify Move Order,Training,Verify Move Order - Make It Automatic,52,Why must this move come first?,"When two useful moves are available, test whether changing the order permits a defense, creates a tempo, or alters a recapture."
191,4,Calculation That You Can Trust,9,Recalculate After a Surprise,Core Advice,Recalculate After a Surprise - The Rule,54,Which assumption in my previous line is no longer true?,"When the opponent deviates, discard the old line and rebuild from the actual board."
192,4,Calculation That You Can Trust,9,Recalculate After a Surprise,Recognition,Recalculate After a Surprise - How to Notice It,55,Which assumption in my previous line is no longer true?,"When the opponent deviates, discard the old line and rebuild from the actual board."
193,4,Calculation That You Can Trust,9,Recalculate After a Surprise,Board Use,Recalculate After a Surprise - Use It at the Board,56,Which assumption in my previous line is no longer true?,"When the opponent deviates, discard the old line and rebuild from the actual board."
194,4,Calculation That You Can Trust,9,Recalculate After a Surprise,Exceptions,Recalculate After a Surprise - Know When to Break It,57,What exact feature would justify breaking this advice here?,"When the opponent deviates, discard the old line and rebuild from the actual board."
195,4,Calculation That You Can Trust,9,Recalculate After a Surprise,Training,Recalculate After a Surprise - Make It Automatic,58,Which assumption in my previous line is no longer true?,"When the opponent deviates, discard the old line and rebuild from the actual board."
196,4,Calculation That You Can Trust,10,State the Final Evaluation in Words,Core Advice,State the Final Evaluation in Words - The Rule,60,What concrete feature makes this endpoint preferable?,"At the endpoint, name the material balance, king safety, activity, structure, and next plan."
197,4,Calculation That You Can Trust,10,State the Final Evaluation in Words,Recognition,State the Final Evaluation in Words - How to Notice It,61,What concrete feature makes this endpoint preferable?,"At the endpoint, name the material balance, king safety, activity, structure, and next plan."
198,4,Calculation That You Can Trust,10,State the Final Evaluation in Words,Board Use,State the Final Evaluation in Words - Use It at the Board,62,What concrete feature makes this endpoint preferable?,"At the endpoint, name the material balance, king safety, activity, structure, and next plan."
199,4,Calculation That You Can Trust,10,State the Final Evaluation in Words,Exceptions,State the Final Evaluation in Words - Know When to Break It,63,What exact feature would justify breaking this advice here?,"At the endpoint, name the material balance, king safety, activity, structure, and next plan."
200,4,Calculation That You Can Trust,10,State the Final Evaluation in Words,Training,State the Final Evaluation in Words - Make It Automatic,64,What concrete feature makes this endpoint preferable?,"At the endpoint, name the material balance, king safety, activity, structure, and next plan."
201,5,Tactical Vision and Pattern Use,1,Treat Patterns as Search Clues,Core Advice,Treat Patterns as Search Clues - The Rule,6,"Which motif suggests a move, and what line proves it?","Let a familiar motif suggest candidates, but calculate the full legal sequence before acting."
202,5,Tactical Vision and Pattern Use,1,Treat Patterns as Search Clues,Recognition,Treat Patterns as Search Clues - How to Notice It,7,"Which motif suggests a move, and what line proves it?","Let a familiar motif suggest candidates, but calculate the full legal sequence before acting."
203,5,Tactical Vision and Pattern Use,1,Treat Patterns as Search Clues,Board Use,Treat Patterns as Search Clues - Use It at the Board,8,"Which motif suggests a move, and what line proves it?","Let a familiar motif suggest candidates, but calculate the full legal sequence before acting."
204,5,Tactical Vision and Pattern Use,1,Treat Patterns as Search Clues,Exceptions,Treat Patterns as Search Clues - Know When to Break It,9,What exact feature would justify breaking this advice here?,"Let a familiar motif suggest candidates, but calculate the full legal sequence before acting."
205,5,Tactical Vision and Pattern Use,1,Treat Patterns as Search Clues,Training,Treat Patterns as Search Clues - Make It Automatic,10,"Which motif suggests a move, and what line proves it?","Let a familiar motif suggest candidates, but calculate the full legal sequence before acting."
206,5,Tactical Vision and Pattern Use,2,Look for Two Jobs on One Piece,Core Advice,Look for Two Jobs on One Piece - The Rule,12,What two responsibilities collide after my move?,"Search for forks, overloads, pins, and discovered attacks when a unit must guard two things."
207,5,Tactical Vision and Pattern Use,2,Look for Two Jobs on One Piece,Recognition,Look for Two Jobs on One Piece - How to Notice It,13,What two responsibilities collide after my move?,"Search for forks, overloads, pins, and discovered attacks when a unit must guard two things."
208,5,Tactical Vision and Pattern Use,2,Look for Two Jobs on One Piece,Board Use,Look for Two Jobs on One Piece - Use It at the Board,14,What two responsibilities collide after my move?,"Search for forks, overloads, pins, and discovered attacks when a unit must guard two things."
209,5,Tactical Vision and Pattern Use,2,Look for Two Jobs on One Piece,Exceptions,Look for Two Jobs on One Piece - Know When to Break It,15,What exact feature would justify breaking this advice here?,"Search for forks, overloads, pins, and discovered attacks when a unit must guard two things."
210,5,Tactical Vision and Pattern Use,2,Look for Two Jobs on One Piece,Training,Look for Two Jobs on One Piece - Make It Automatic,16,What two responsibilities collide after my move?,"Search for forks, overloads, pins, and discovered attacks when a unit must guard two things."
211,5,Tactical Vision and Pattern Use,3,Open Lines with Tempo,Core Advice,Open Lines with Tempo - The Rule,18,Who benefits more from the line after it opens?,"Consider captures, pawn breaks, and sacrifices that uncover a rook, bishop, or queen while making an immediate threat."
212,5,Tactical Vision and Pattern Use,3,Open Lines with Tempo,Recognition,Open Lines with Tempo - How to Notice It,19,Who benefits more from the line after it opens?,"Consider captures, pawn breaks, and sacrifices that uncover a rook, bishop, or queen while making an immediate threat."
213,5,Tactical Vision and Pattern Use,3,Open Lines with Tempo,Board Use,Open Lines with Tempo - Use It at the Board,20,Who benefits more from the line after it opens?,"Consider captures, pawn breaks, and sacrifices that uncover a rook, bishop, or queen while making an immediate threat."
214,5,Tactical Vision and Pattern Use,3,Open Lines with Tempo,Exceptions,Open Lines with Tempo - Know When to Break It,21,What exact feature would justify breaking this advice here?,"Consider captures, pawn breaks, and sacrifices that uncover a rook, bishop, or queen while making an immediate threat."
215,5,Tactical Vision and Pattern Use,3,Open Lines with Tempo,Training,Open Lines with Tempo - Make It Automatic,22,Who benefits more from the line after it opens?,"Consider captures, pawn breaks, and sacrifices that uncover a rook, bishop, or queen while making an immediate threat."
216,5,Tactical Vision and Pattern Use,4,Remove the Key Defender,Core Advice,Remove the Key Defender - The Rule,24,"If one enemy unit vanished, which one would make the position collapse?","Identify the unit that holds the position together and consider exchange, deflection, attraction, pinning, or interference."
217,5,Tactical Vision and Pattern Use,4,Remove the Key Defender,Recognition,Remove the Key Defender - How to Notice It,25,"If one enemy unit vanished, which one would make the position collapse?","Identify the unit that holds the position together and consider exchange, deflection, attraction, pinning, or interference."
218,5,Tactical Vision and Pattern Use,4,Remove the Key Defender,Board Use,Remove the Key Defender - Use It at the Board,26,"If one enemy unit vanished, which one would make the position collapse?","Identify the unit that holds the position together and consider exchange, deflection, attraction, pinning, or interference."
219,5,Tactical Vision and Pattern Use,4,Remove the Key Defender,Exceptions,Remove the Key Defender - Know When to Break It,27,What exact feature would justify breaking this advice here?,"Identify the unit that holds the position together and consider exchange, deflection, attraction, pinning, or interference."
220,5,Tactical Vision and Pattern Use,4,Remove the Key Defender,Training,Remove the Key Defender - Make It Automatic,28,"If one enemy unit vanished, which one would make the position collapse?","Identify the unit that holds the position together and consider exchange, deflection, attraction, pinning, or interference."
221,5,Tactical Vision and Pattern Use,5,Map King Escape Squares,Core Advice,Map King Escape Squares - The Rule,30,"Where can the king go after this check, and is that square better for it?","Before checking, list the king's legal flights and how each move changes the attack."
222,5,Tactical Vision and Pattern Use,5,Map King Escape Squares,Recognition,Map King Escape Squares - How to Notice It,31,"Where can the king go after this check, and is that square better for it?","Before checking, list the king's legal flights and how each move changes the attack."
223,5,Tactical Vision and Pattern Use,5,Map King Escape Squares,Board Use,Map King Escape Squares - Use It at the Board,32,"Where can the king go after this check, and is that square better for it?","Before checking, list the king's legal flights and how each move changes the attack."
224,5,Tactical Vision and Pattern Use,5,Map King Escape Squares,Exceptions,Map King Escape Squares - Know When to Break It,33,What exact feature would justify breaking this advice here?,"Before checking, list the king's legal flights and how each move changes the attack."
225,5,Tactical Vision and Pattern Use,5,Map King Escape Squares,Training,Map King Escape Squares - Make It Automatic,34,"Where can the king go after this check, and is that square better for it?","Before checking, list the king's legal flights and how each move changes the attack."
226,5,Tactical Vision and Pattern Use,6,Search for Intermediate Moves,Core Advice,Search for Intermediate Moves - The Rule,36,What can I do before I recapture?,"Before automatic recapture, test checks, stronger captures, threats, and attacks on the queen."
227,5,Tactical Vision and Pattern Use,6,Search for Intermediate Moves,Recognition,Search for Intermediate Moves - How to Notice It,37,What can I do before I recapture?,"Before automatic recapture, test checks, stronger captures, threats, and attacks on the queen."
228,5,Tactical Vision and Pattern Use,6,Search for Intermediate Moves,Board Use,Search for Intermediate Moves - Use It at the Board,38,What can I do before I recapture?,"Before automatic recapture, test checks, stronger captures, threats, and attacks on the queen."
229,5,Tactical Vision and Pattern Use,6,Search for Intermediate Moves,Exceptions,Search for Intermediate Moves - Know When to Break It,39,What exact feature would justify breaking this advice here?,"Before automatic recapture, test checks, stronger captures, threats, and attacks on the queen."
230,5,Tactical Vision and Pattern Use,6,Search for Intermediate Moves,Training,Search for Intermediate Moves - Make It Automatic,40,What can I do before I recapture?,"Before automatic recapture, test checks, stronger captures, threats, and attacks on the queen."
231,5,Tactical Vision and Pattern Use,7,Use Alignment as a Tactical Alarm,Core Advice,Use Alignment as a Tactical Alarm - The Rule,42,Can I move or remove the blocker with tempo?,"Notice kings, queens, and rooks sharing files, ranks, or diagonals with movable blockers."
232,5,Tactical Vision and Pattern Use,7,Use Alignment as a Tactical Alarm,Recognition,Use Alignment as a Tactical Alarm - How to Notice It,43,Can I move or remove the blocker with tempo?,"Notice kings, queens, and rooks sharing files, ranks, or diagonals with movable blockers."
233,5,Tactical Vision and Pattern Use,7,Use Alignment as a Tactical Alarm,Board Use,Use Alignment as a Tactical Alarm - Use It at the Board,44,Can I move or remove the blocker with tempo?,"Notice kings, queens, and rooks sharing files, ranks, or diagonals with movable blockers."
234,5,Tactical Vision and Pattern Use,7,Use Alignment as a Tactical Alarm,Exceptions,Use Alignment as a Tactical Alarm - Know When to Break It,45,What exact feature would justify breaking this advice here?,"Notice kings, queens, and rooks sharing files, ranks, or diagonals with movable blockers."
235,5,Tactical Vision and Pattern Use,7,Use Alignment as a Tactical Alarm,Training,Use Alignment as a Tactical Alarm - Make It Automatic,46,Can I move or remove the blocker with tempo?,"Notice kings, queens, and rooks sharing files, ranks, or diagonals with movable blockers."
236,5,Tactical Vision and Pattern Use,8,Count Attackers and Effective Defenders,Core Advice,Count Attackers and Effective Defenders - The Rule,48,How many pieces can actually reach the battle before it ends?,"Count only units that can legally participate in the critical zone, including travel time and pins."
237,5,Tactical Vision and Pattern Use,8,Count Attackers and Effective Defenders,Recognition,Count Attackers and Effective Defenders - How to Notice It,49,How many pieces can actually reach the battle before it ends?,"Count only units that can legally participate in the critical zone, including travel time and pins."
238,5,Tactical Vision and Pattern Use,8,Count Attackers and Effective Defenders,Board Use,Count Attackers and Effective Defenders - Use It at the Board,50,How many pieces can actually reach the battle before it ends?,"Count only units that can legally participate in the critical zone, including travel time and pins."
239,5,Tactical Vision and Pattern Use,8,Count Attackers and Effective Defenders,Exceptions,Count Attackers and Effective Defenders - Know When to Break It,51,What exact feature would justify breaking this advice here?,"Count only units that can legally participate in the critical zone, including travel time and pins."
240,5,Tactical Vision and Pattern Use,8,Count Attackers and Effective Defenders,Training,Count Attackers and Effective Defenders - Make It Automatic,52,How many pieces can actually reach the battle before it ends?,"Count only units that can legally participate in the critical zone, including travel time and pins."
241,5,Tactical Vision and Pattern Use,9,Find the Quiet Tactical Move,Core Advice,Find the Quiet Tactical Move - The Rule,54,Which single defensive resource must be taken away?,"After forcing candidates fail, search for a move that removes a defense, closes an escape, creates a double threat, or preserves tension."
242,5,Tactical Vision and Pattern Use,9,Find the Quiet Tactical Move,Recognition,Find the Quiet Tactical Move - How to Notice It,55,Which single defensive resource must be taken away?,"After forcing candidates fail, search for a move that removes a defense, closes an escape, creates a double threat, or preserves tension."
243,5,Tactical Vision and Pattern Use,9,Find the Quiet Tactical Move,Board Use,Find the Quiet Tactical Move - Use It at the Board,56,Which single defensive resource must be taken away?,"After forcing candidates fail, search for a move that removes a defense, closes an escape, creates a double threat, or preserves tension."
244,5,Tactical Vision and Pattern Use,9,Find the Quiet Tactical Move,Exceptions,Find the Quiet Tactical Move - Know When to Break It,57,What exact feature would justify breaking this advice here?,"After forcing candidates fail, search for a move that removes a defense, closes an escape, creates a double threat, or preserves tension."
245,5,Tactical Vision and Pattern Use,9,Find the Quiet Tactical Move,Training,Find the Quiet Tactical Move - Make It Automatic,58,Which single defensive resource must be taken away?,"After forcing candidates fail, search for a move that removes a defense, closes an escape, creates a double threat, or preserves tension."
246,5,Tactical Vision and Pattern Use,10,Verify the Tactical Aftermath,Core Advice,Verify the Tactical Aftermath - The Rule,60,What is the opponent's strongest move after I obtain the advertised gain?,"After the combination, check counterchecks, trapped pieces, back-rank threats, and whether the won material can escape."
247,5,Tactical Vision and Pattern Use,10,Verify the Tactical Aftermath,Recognition,Verify the Tactical Aftermath - How to Notice It,61,What is the opponent's strongest move after I obtain the advertised gain?,"After the combination, check counterchecks, trapped pieces, back-rank threats, and whether the won material can escape."
248,5,Tactical Vision and Pattern Use,10,Verify the Tactical Aftermath,Board Use,Verify the Tactical Aftermath - Use It at the Board,62,What is the opponent's strongest move after I obtain the advertised gain?,"After the combination, check counterchecks, trapped pieces, back-rank threats, and whether the won material can escape."
249,5,Tactical Vision and Pattern Use,10,Verify the Tactical Aftermath,Exceptions,Verify the Tactical Aftermath - Know When to Break It,63,What exact feature would justify breaking this advice here?,"After the combination, check counterchecks, trapped pieces, back-rank threats, and whether the won material can escape."
250,5,Tactical Vision and Pattern Use,10,Verify the Tactical Aftermath,Training,Verify the Tactical Aftermath - Make It Automatic,64,What is the opponent's strongest move after I obtain the advertised gain?,"After the combination, check counterchecks, trapped pieces, back-rank threats, and whether the won material can escape."
251,6,Opening Study That Transfers,1,Learn the Purpose Before the Move,Core Advice,Learn the Purpose Before the Move - The Rule,6,"What problem does this move solve, and what new option does it create?","For each opening move, know what it develops, controls, prevents, prepares, or concedes."
252,6,Opening Study That Transfers,1,Learn the Purpose Before the Move,Recognition,Learn the Purpose Before the Move - How to Notice It,7,"What problem does this move solve, and what new option does it create?","For each opening move, know what it develops, controls, prevents, prepares, or concedes."
253,6,Opening Study That Transfers,1,Learn the Purpose Before the Move,Board Use,Learn the Purpose Before the Move - Use It at the Board,8,"What problem does this move solve, and what new option does it create?","For each opening move, know what it develops, controls, prevents, prepares, or concedes."
254,6,Opening Study That Transfers,1,Learn the Purpose Before the Move,Exceptions,Learn the Purpose Before the Move - Know When to Break It,9,What exact feature would justify breaking this advice here?,"For each opening move, know what it develops, controls, prevents, prepares, or concedes."
255,6,Opening Study That Transfers,1,Learn the Purpose Before the Move,Training,Learn the Purpose Before the Move - Make It Automatic,10,"What problem does this move solve, and what new option does it create?","For each opening move, know what it develops, controls, prevents, prepares, or concedes."
256,6,Opening Study That Transfers,2,Store Positions at Decision Points,Core Advice,Store Positions at Decision Points - The Rule,12,Which position tells me that a choice must now be made?,"Memorize the positions where plans branch, not every preceding click of a move tree."
257,6,Opening Study That Transfers,2,Store Positions at Decision Points,Recognition,Store Positions at Decision Points - How to Notice It,13,Which position tells me that a choice must now be made?,"Memorize the positions where plans branch, not every preceding click of a move tree."
258,6,Opening Study That Transfers,2,Store Positions at Decision Points,Board Use,Store Positions at Decision Points - Use It at the Board,14,Which position tells me that a choice must now be made?,"Memorize the positions where plans branch, not every preceding click of a move tree."
259,6,Opening Study That Transfers,2,Store Positions at Decision Points,Exceptions,Store Positions at Decision Points - Know When to Break It,15,What exact feature would justify breaking this advice here?,"Memorize the positions where plans branch, not every preceding click of a move tree."
260,6,Opening Study That Transfers,2,Store Positions at Decision Points,Training,Store Positions at Decision Points - Make It Automatic,16,Which position tells me that a choice must now be made?,"Memorize the positions where plans branch, not every preceding click of a move tree."
261,6,Opening Study That Transfers,3,Connect Every Line to a Pawn Structure,Core Advice,Connect Every Line to a Pawn Structure - The Rule,18,"What structure am I trying to reach, and who benefits from its main break?","Identify the likely pawn skeleton, breaks, weak squares, and favorable exchanges."
262,6,Opening Study That Transfers,3,Connect Every Line to a Pawn Structure,Recognition,Connect Every Line to a Pawn Structure - How to Notice It,19,"What structure am I trying to reach, and who benefits from its main break?","Identify the likely pawn skeleton, breaks, weak squares, and favorable exchanges."
263,6,Opening Study That Transfers,3,Connect Every Line to a Pawn Structure,Board Use,Connect Every Line to a Pawn Structure - Use It at the Board,20,"What structure am I trying to reach, and who benefits from its main break?","Identify the likely pawn skeleton, breaks, weak squares, and favorable exchanges."
264,6,Opening Study That Transfers,3,Connect Every Line to a Pawn Structure,Exceptions,Connect Every Line to a Pawn Structure - Know When to Break It,21,What exact feature would justify breaking this advice here?,"Identify the likely pawn skeleton, breaks, weak squares, and favorable exchanges."
265,6,Opening Study That Transfers,3,Connect Every Line to a Pawn Structure,Training,Connect Every Line to a Pawn Structure - Make It Automatic,22,"What structure am I trying to reach, and who benefits from its main break?","Identify the likely pawn skeleton, breaks, weak squares, and favorable exchanges."
266,6,Opening Study That Transfers,4,Know the Typical Bad Version,Core Advice,Know the Typical Bad Version - The Rule,24,What would make this setup a bad version?,"Study how the opening fails when a break is mistimed, a piece is misplaced, or development lags."
267,6,Opening Study That Transfers,4,Know the Typical Bad Version,Recognition,Know the Typical Bad Version - How to Notice It,25,What would make this setup a bad version?,"Study how the opening fails when a break is mistimed, a piece is misplaced, or development lags."
268,6,Opening Study That Transfers,4,Know the Typical Bad Version,Board Use,Know the Typical Bad Version - Use It at the Board,26,What would make this setup a bad version?,"Study how the opening fails when a break is mistimed, a piece is misplaced, or development lags."
269,6,Opening Study That Transfers,4,Know the Typical Bad Version,Exceptions,Know the Typical Bad Version - Know When to Break It,27,What exact feature would justify breaking this advice here?,"Study how the opening fails when a break is mistimed, a piece is misplaced, or development lags."
270,6,Opening Study That Transfers,4,Know the Typical Bad Version,Training,Know the Typical Bad Version - Make It Automatic,28,What would make this setup a bad version?,"Study how the opening fails when a break is mistimed, a piece is misplaced, or development lags."
271,6,Opening Study That Transfers,5,"Build Answers to Ideas, Not Every Move",Core Advice,"Build Answers to Ideas, Not Every Move - The Rule",30,"What is the opponent trying to achieve, regardless of move order?",Group opponent moves by their strategic idea and prepare a response family.
272,6,Opening Study That Transfers,5,"Build Answers to Ideas, Not Every Move",Recognition,"Build Answers to Ideas, Not Every Move - How to Notice It",31,"What is the opponent trying to achieve, regardless of move order?",Group opponent moves by their strategic idea and prepare a response family.
273,6,Opening Study That Transfers,5,"Build Answers to Ideas, Not Every Move",Board Use,"Build Answers to Ideas, Not Every Move - Use It at the Board",32,"What is the opponent trying to achieve, regardless of move order?",Group opponent moves by their strategic idea and prepare a response family.
274,6,Opening Study That Transfers,5,"Build Answers to Ideas, Not Every Move",Exceptions,"Build Answers to Ideas, Not Every Move - Know When to Break It",33,What exact feature would justify breaking this advice here?,Group opponent moves by their strategic idea and prepare a response family.
275,6,Opening Study That Transfers,5,"Build Answers to Ideas, Not Every Move",Training,"Build Answers to Ideas, Not Every Move - Make It Automatic",34,"What is the opponent trying to achieve, regardless of move order?",Group opponent moves by their strategic idea and prepare a response family.
276,6,Opening Study That Transfers,6,Prefer a Compact Repertoire,Core Advice,Prefer a Compact Repertoire - The Rule,36,Which lines teach the same middlegame skills?,Choose a connected set of structures you can revisit deeply instead of many unrelated openings.
277,6,Opening Study That Transfers,6,Prefer a Compact Repertoire,Recognition,Prefer a Compact Repertoire - How to Notice It,37,Which lines teach the same middlegame skills?,Choose a connected set of structures you can revisit deeply instead of many unrelated openings.
278,6,Opening Study That Transfers,6,Prefer a Compact Repertoire,Board Use,Prefer a Compact Repertoire - Use It at the Board,38,Which lines teach the same middlegame skills?,Choose a connected set of structures you can revisit deeply instead of many unrelated openings.
279,6,Opening Study That Transfers,6,Prefer a Compact Repertoire,Exceptions,Prefer a Compact Repertoire - Know When to Break It,39,What exact feature would justify breaking this advice here?,Choose a connected set of structures you can revisit deeply instead of many unrelated openings.
280,6,Opening Study That Transfers,6,Prefer a Compact Repertoire,Training,Prefer a Compact Repertoire - Make It Automatic,40,Which lines teach the same middlegame skills?,Choose a connected set of structures you can revisit deeply instead of many unrelated openings.
281,6,Opening Study That Transfers,7,Study Model Games by Theme,Core Advice,Study Model Games by Theme - The Rule,42,Which later event explains the opening move I am studying?,"Select games that demonstrate the opening's main break, piece route, exchange, attack, and endgame."
282,6,Opening Study That Transfers,7,Study Model Games by Theme,Recognition,Study Model Games by Theme - How to Notice It,43,Which later event explains the opening move I am studying?,"Select games that demonstrate the opening's main break, piece route, exchange, attack, and endgame."
283,6,Opening Study That Transfers,7,Study Model Games by Theme,Board Use,Study Model Games by Theme - Use It at the Board,44,Which later event explains the opening move I am studying?,"Select games that demonstrate the opening's main break, piece route, exchange, attack, and endgame."
284,6,Opening Study That Transfers,7,Study Model Games by Theme,Exceptions,Study Model Games by Theme - Know When to Break It,45,What exact feature would justify breaking this advice here?,"Select games that demonstrate the opening's main break, piece route, exchange, attack, and endgame."
285,6,Opening Study That Transfers,7,Study Model Games by Theme,Training,Study Model Games by Theme - Make It Automatic,46,Which later event explains the opening move I am studying?,"Select games that demonstrate the opening's main break, piece route, exchange, attack, and endgame."
286,6,Opening Study That Transfers,8,Rehearse Common Deviations Early,Core Advice,Rehearse Common Deviations Early - The Rule,48,What am I most likely to face next week?,Practice the opponent's most frequent alternatives before rare theoretical traps.
287,6,Opening Study That Transfers,8,Rehearse Common Deviations Early,Recognition,Rehearse Common Deviations Early - How to Notice It,49,What am I most likely to face next week?,Practice the opponent's most frequent alternatives before rare theoretical traps.
288,6,Opening Study That Transfers,8,Rehearse Common Deviations Early,Board Use,Rehearse Common Deviations Early - Use It at the Board,50,What am I most likely to face next week?,Practice the opponent's most frequent alternatives before rare theoretical traps.
289,6,Opening Study That Transfers,8,Rehearse Common Deviations Early,Exceptions,Rehearse Common Deviations Early - Know When to Break It,51,What exact feature would justify breaking this advice here?,Practice the opponent's most frequent alternatives before rare theoretical traps.
290,6,Opening Study That Transfers,8,Rehearse Common Deviations Early,Training,Rehearse Common Deviations Early - Make It Automatic,52,What am I most likely to face next week?,Practice the opponent's most frequent alternatives before rare theoretical traps.
291,6,Opening Study That Transfers,9,End Preparation with a Middlegame Plan,Core Advice,End Preparation with a Middlegame Plan - The Rule,54,"If theory ended here, what would I do for the next three moves?","Do not stop a line at ""equal""; name the next improvement, break, exchange, and danger."
292,6,Opening Study That Transfers,9,End Preparation with a Middlegame Plan,Recognition,End Preparation with a Middlegame Plan - How to Notice It,55,"If theory ended here, what would I do for the next three moves?","Do not stop a line at ""equal""; name the next improvement, break, exchange, and danger."
293,6,Opening Study That Transfers,9,End Preparation with a Middlegame Plan,Board Use,End Preparation with a Middlegame Plan - Use It at the Board,56,"If theory ended here, what would I do for the next three moves?","Do not stop a line at ""equal""; name the next improvement, break, exchange, and danger."
294,6,Opening Study That Transfers,9,End Preparation with a Middlegame Plan,Exceptions,End Preparation with a Middlegame Plan - Know When to Break It,57,What exact feature would justify breaking this advice here?,"Do not stop a line at ""equal""; name the next improvement, break, exchange, and danger."
295,6,Opening Study That Transfers,9,End Preparation with a Middlegame Plan,Training,End Preparation with a Middlegame Plan - Make It Automatic,58,"If theory ended here, what would I do for the next three moves?","Do not stop a line at ""equal""; name the next improvement, break, exchange, and danger."
296,6,Opening Study That Transfers,10,"Review by Retrieval, Not Rereading",Core Advice,"Review by Retrieval, Not Rereading - The Rule",60,Can I produce the move and explain it without seeing the answer?,Hide the moves and reconstruct them from the position and purpose.
297,6,Opening Study That Transfers,10,"Review by Retrieval, Not Rereading",Recognition,"Review by Retrieval, Not Rereading - How to Notice It",61,Can I produce the move and explain it without seeing the answer?,Hide the moves and reconstruct them from the position and purpose.
298,6,Opening Study That Transfers,10,"Review by Retrieval, Not Rereading",Board Use,"Review by Retrieval, Not Rereading - Use It at the Board",62,Can I produce the move and explain it without seeing the answer?,Hide the moves and reconstruct them from the position and purpose.
299,6,Opening Study That Transfers,10,"Review by Retrieval, Not Rereading",Exceptions,"Review by Retrieval, Not Rereading - Know When to Break It",63,What exact feature would justify breaking this advice here?,Hide the moves and reconstruct them from the position and purpose.
300,6,Opening Study That Transfers,10,"Review by Retrieval, Not Rereading",Training,"Review by Retrieval, Not Rereading - Make It Automatic",64,Can I produce the move and explain it without seeing the answer?,Hide the moves and reconstruct them from the position and purpose.
301,7,"Development, Tempo, and Initiative",1,Develop with a Concrete Function,Core Advice,Develop with a Concrete Function - The Rule,6,What job will this piece perform from its new square?,"Place a piece where it affects the center, supports a break, protects the king, or creates a useful threat."
302,7,"Development, Tempo, and Initiative",1,Develop with a Concrete Function,Recognition,Develop with a Concrete Function - How to Notice It,7,What job will this piece perform from its new square?,"Place a piece where it affects the center, supports a break, protects the king, or creates a useful threat."
303,7,"Development, Tempo, and Initiative",1,Develop with a Concrete Function,Board Use,Develop with a Concrete Function - Use It at the Board,8,What job will this piece perform from its new square?,"Place a piece where it affects the center, supports a break, protects the king, or creates a useful threat."
304,7,"Development, Tempo, and Initiative",1,Develop with a Concrete Function,Exceptions,Develop with a Concrete Function - Know When to Break It,9,What exact feature would justify breaking this advice here?,"Place a piece where it affects the center, supports a break, protects the king, or creates a useful threat."
305,7,"Development, Tempo, and Initiative",1,Develop with a Concrete Function,Training,Develop with a Concrete Function - Make It Automatic,10,What job will this piece perform from its new square?,"Place a piece where it affects the center, supports a break, protects the king, or creates a useful threat."
306,7,"Development, Tempo, and Initiative",2,Avoid Moving One Piece Repeatedly Without Gain,Core Advice,Avoid Moving One Piece Repeatedly Without Gain - The Rule,12,What have I gained for the tempo I am spending?,Spend early tempi bringing the whole army into play unless a repeated move wins something concrete.
307,7,"Development, Tempo, and Initiative",2,Avoid Moving One Piece Repeatedly Without Gain,Recognition,Avoid Moving One Piece Repeatedly Without Gain - How to Notice It,13,What have I gained for the tempo I am spending?,Spend early tempi bringing the whole army into play unless a repeated move wins something concrete.
308,7,"Development, Tempo, and Initiative",2,Avoid Moving One Piece Repeatedly Without Gain,Board Use,Avoid Moving One Piece Repeatedly Without Gain - Use It at the Board,14,What have I gained for the tempo I am spending?,Spend early tempi bringing the whole army into play unless a repeated move wins something concrete.
309,7,"Development, Tempo, and Initiative",2,Avoid Moving One Piece Repeatedly Without Gain,Exceptions,Avoid Moving One Piece Repeatedly Without Gain - Know When to Break It,15,What exact feature would justify breaking this advice here?,Spend early tempi bringing the whole army into play unless a repeated move wins something concrete.
310,7,"Development, Tempo, and Initiative",2,Avoid Moving One Piece Repeatedly Without Gain,Training,Avoid Moving One Piece Repeatedly Without Gain - Make It Automatic,16,What have I gained for the tempo I am spending?,Spend early tempi bringing the whole army into play unless a repeated move wins something concrete.
311,7,"Development, Tempo, and Initiative",3,"Castle for a Reason, Not by Reflex",Core Advice,"Castle for a Reason, Not by Reflex - The Rule",18,Where will my king be safest after the next pawn break?,Secure the king and connect rooks when the chosen side is genuinely safer.
312,7,"Development, Tempo, and Initiative",3,"Castle for a Reason, Not by Reflex",Recognition,"Castle for a Reason, Not by Reflex - How to Notice It",19,Where will my king be safest after the next pawn break?,Secure the king and connect rooks when the chosen side is genuinely safer.
313,7,"Development, Tempo, and Initiative",3,"Castle for a Reason, Not by Reflex",Board Use,"Castle for a Reason, Not by Reflex - Use It at the Board",20,Where will my king be safest after the next pawn break?,Secure the king and connect rooks when the chosen side is genuinely safer.
314,7,"Development, Tempo, and Initiative",3,"Castle for a Reason, Not by Reflex",Exceptions,"Castle for a Reason, Not by Reflex - Know When to Break It",21,What exact feature would justify breaking this advice here?,Secure the king and connect rooks when the chosen side is genuinely safer.
315,7,"Development, Tempo, and Initiative",3,"Castle for a Reason, Not by Reflex",Training,"Castle for a Reason, Not by Reflex - Make It Automatic",22,Where will my king be safest after the next pawn break?,Secure the king and connect rooks when the chosen side is genuinely safer.
316,7,"Development, Tempo, and Initiative",4,Open the Center Against an Unready King,Core Advice,Open the Center Against an Unready King - The Rule,24,Whose pieces benefit first if files and diagonals open now?,Consider central breaks when the opponent is behind in development or cannot castle safely.
317,7,"Development, Tempo, and Initiative",4,Open the Center Against an Unready King,Recognition,Open the Center Against an Unready King - How to Notice It,25,Whose pieces benefit first if files and diagonals open now?,Consider central breaks when the opponent is behind in development or cannot castle safely.
318,7,"Development, Tempo, and Initiative",4,Open the Center Against an Unready King,Board Use,Open the Center Against an Unready King - Use It at the Board,26,Whose pieces benefit first if files and diagonals open now?,Consider central breaks when the opponent is behind in development or cannot castle safely.
319,7,"Development, Tempo, and Initiative",4,Open the Center Against an Unready King,Exceptions,Open the Center Against an Unready King - Know When to Break It,27,What exact feature would justify breaking this advice here?,Consider central breaks when the opponent is behind in development or cannot castle safely.
320,7,"Development, Tempo, and Initiative",4,Open the Center Against an Unready King,Training,Open the Center Against an Unready King - Make It Automatic,28,Whose pieces benefit first if files and diagonals open now?,Consider central breaks when the opponent is behind in development or cannot castle safely.
321,7,"Development, Tempo, and Initiative",5,Preserve Initiative with Threats That Improve,Core Advice,Preserve Initiative with Threats That Improve - The Rule,30,"If the threat is answered, is my position still better?","Prefer forcing moves that also develop, centralize, or restrict rather than one-move tricks."
322,7,"Development, Tempo, and Initiative",5,Preserve Initiative with Threats That Improve,Recognition,Preserve Initiative with Threats That Improve - How to Notice It,31,"If the threat is answered, is my position still better?","Prefer forcing moves that also develop, centralize, or restrict rather than one-move tricks."
323,7,"Development, Tempo, and Initiative",5,Preserve Initiative with Threats That Improve,Board Use,Preserve Initiative with Threats That Improve - Use It at the Board,32,"If the threat is answered, is my position still better?","Prefer forcing moves that also develop, centralize, or restrict rather than one-move tricks."
324,7,"Development, Tempo, and Initiative",5,Preserve Initiative with Threats That Improve,Exceptions,Preserve Initiative with Threats That Improve - Know When to Break It,33,What exact feature would justify breaking this advice here?,"Prefer forcing moves that also develop, centralize, or restrict rather than one-move tricks."
325,7,"Development, Tempo, and Initiative",5,Preserve Initiative with Threats That Improve,Training,Preserve Initiative with Threats That Improve - Make It Automatic,34,"If the threat is answered, is my position still better?","Prefer forcing moves that also develop, centralize, or restrict rather than one-move tricks."
326,7,"Development, Tempo, and Initiative",6,Make the Opponent Spend Tempi Badly,Core Advice,Make the Opponent Spend Tempi Badly - The Rule,36,Does their forced reply make their position worse or mine looser?,"Use attacks on valuable pieces, pins, and restrictions that force awkward replies without weakening yourself."
327,7,"Development, Tempo, and Initiative",6,Make the Opponent Spend Tempi Badly,Recognition,Make the Opponent Spend Tempi Badly - How to Notice It,37,Does their forced reply make their position worse or mine looser?,"Use attacks on valuable pieces, pins, and restrictions that force awkward replies without weakening yourself."
328,7,"Development, Tempo, and Initiative",6,Make the Opponent Spend Tempi Badly,Board Use,Make the Opponent Spend Tempi Badly - Use It at the Board,38,Does their forced reply make their position worse or mine looser?,"Use attacks on valuable pieces, pins, and restrictions that force awkward replies without weakening yourself."
329,7,"Development, Tempo, and Initiative",6,Make the Opponent Spend Tempi Badly,Exceptions,Make the Opponent Spend Tempi Badly - Know When to Break It,39,What exact feature would justify breaking this advice here?,"Use attacks on valuable pieces, pins, and restrictions that force awkward replies without weakening yourself."
330,7,"Development, Tempo, and Initiative",6,Make the Opponent Spend Tempi Badly,Training,Make the Opponent Spend Tempi Badly - Make It Automatic,40,Does their forced reply make their position worse or mine looser?,"Use attacks on valuable pieces, pins, and restrictions that force awkward replies without weakening yourself."
331,7,"Development, Tempo, and Initiative",7,Complete Mobilization Before Decoration,Core Advice,Complete Mobilization Before Decoration - The Rule,42,Which piece is still not participating in the likely battle?,Activate the least useful piece before making cosmetic pawn moves or early rook lifts.
332,7,"Development, Tempo, and Initiative",7,Complete Mobilization Before Decoration,Recognition,Complete Mobilization Before Decoration - How to Notice It,43,Which piece is still not participating in the likely battle?,Activate the least useful piece before making cosmetic pawn moves or early rook lifts.
333,7,"Development, Tempo, and Initiative",7,Complete Mobilization Before Decoration,Board Use,Complete Mobilization Before Decoration - Use It at the Board,44,Which piece is still not participating in the likely battle?,Activate the least useful piece before making cosmetic pawn moves or early rook lifts.
334,7,"Development, Tempo, and Initiative",7,Complete Mobilization Before Decoration,Exceptions,Complete Mobilization Before Decoration - Know When to Break It,45,What exact feature would justify breaking this advice here?,Activate the least useful piece before making cosmetic pawn moves or early rook lifts.
335,7,"Development, Tempo, and Initiative",7,Complete Mobilization Before Decoration,Training,Complete Mobilization Before Decoration - Make It Automatic,46,Which piece is still not participating in the likely battle?,Activate the least useful piece before making cosmetic pawn moves or early rook lifts.
336,7,"Development, Tempo, and Initiative",8,Treat Tempo as Contextual,Core Advice,Treat Tempo as Contextual - The Rule,48,Did my move cost the opponent a useful move or help them make one?,"Count a tempo only when it changes who completes a plan, wins a race, or seizes a forcing opportunity."
337,7,"Development, Tempo, and Initiative",8,Treat Tempo as Contextual,Recognition,Treat Tempo as Contextual - How to Notice It,49,Did my move cost the opponent a useful move or help them make one?,"Count a tempo only when it changes who completes a plan, wins a race, or seizes a forcing opportunity."
338,7,"Development, Tempo, and Initiative",8,Treat Tempo as Contextual,Board Use,Treat Tempo as Contextual - Use It at the Board,50,Did my move cost the opponent a useful move or help them make one?,"Count a tempo only when it changes who completes a plan, wins a race, or seizes a forcing opportunity."
339,7,"Development, Tempo, and Initiative",8,Treat Tempo as Contextual,Exceptions,Treat Tempo as Contextual - Know When to Break It,51,What exact feature would justify breaking this advice here?,"Count a tempo only when it changes who completes a plan, wins a race, or seizes a forcing opportunity."
340,7,"Development, Tempo, and Initiative",8,Treat Tempo as Contextual,Training,Treat Tempo as Contextual - Make It Automatic,52,Did my move cost the opponent a useful move or help them make one?,"Count a tempo only when it changes who completes a plan, wins a race, or seizes a forcing opportunity."
341,7,"Development, Tempo, and Initiative",9,Convert Initiative Before It Evaporates,Core Advice,Convert Initiative Before It Evaporates - The Rule,54,What lasting asset can I secure while the opponent is tied down?,"Use temporary activity to win material, damage structure, obtain a lasting bind, or enter a favorable ending."
342,7,"Development, Tempo, and Initiative",9,Convert Initiative Before It Evaporates,Recognition,Convert Initiative Before It Evaporates - How to Notice It,55,What lasting asset can I secure while the opponent is tied down?,"Use temporary activity to win material, damage structure, obtain a lasting bind, or enter a favorable ending."
343,7,"Development, Tempo, and Initiative",9,Convert Initiative Before It Evaporates,Board Use,Convert Initiative Before It Evaporates - Use It at the Board,56,What lasting asset can I secure while the opponent is tied down?,"Use temporary activity to win material, damage structure, obtain a lasting bind, or enter a favorable ending."
344,7,"Development, Tempo, and Initiative",9,Convert Initiative Before It Evaporates,Exceptions,Convert Initiative Before It Evaporates - Know When to Break It,57,What exact feature would justify breaking this advice here?,"Use temporary activity to win material, damage structure, obtain a lasting bind, or enter a favorable ending."
345,7,"Development, Tempo, and Initiative",9,Convert Initiative Before It Evaporates,Training,Convert Initiative Before It Evaporates - Make It Automatic,58,What lasting asset can I secure while the opponent is tied down?,"Use temporary activity to win material, damage structure, obtain a lasting bind, or enter a favorable ending."
346,7,"Development, Tempo, and Initiative",10,Do Not Confuse Speed with Hurry,Core Advice,Do Not Confuse Speed with Hurry - The Rule,60,"Is the move urgent, or am I merely excited?","Play energetically when the position demands it, but verify forcing replies before acting."
347,7,"Development, Tempo, and Initiative",10,Do Not Confuse Speed with Hurry,Recognition,Do Not Confuse Speed with Hurry - How to Notice It,61,"Is the move urgent, or am I merely excited?","Play energetically when the position demands it, but verify forcing replies before acting."
348,7,"Development, Tempo, and Initiative",10,Do Not Confuse Speed with Hurry,Board Use,Do Not Confuse Speed with Hurry - Use It at the Board,62,"Is the move urgent, or am I merely excited?","Play energetically when the position demands it, but verify forcing replies before acting."
349,7,"Development, Tempo, and Initiative",10,Do Not Confuse Speed with Hurry,Exceptions,Do Not Confuse Speed with Hurry - Know When to Break It,63,What exact feature would justify breaking this advice here?,"Play energetically when the position demands it, but verify forcing replies before acting."
350,7,"Development, Tempo, and Initiative",10,Do Not Confuse Speed with Hurry,Training,Do Not Confuse Speed with Hurry - Make It Automatic,64,"Is the move urgent, or am I merely excited?","Play energetically when the position demands it, but verify forcing replies before acting."
351,8,"Center, Space, and Tension",1,Control the Center with Pieces as Well as Pawns,Core Advice,Control the Center with Pieces as Well as Pawns - The Rule,6,Can my pieces challenge the center before it becomes stable?,Use development and pressure to influence central squares; occupation is only one method.
352,8,"Center, Space, and Tension",1,Control the Center with Pieces as Well as Pawns,Recognition,Control the Center with Pieces as Well as Pawns - How to Notice It,7,Can my pieces challenge the center before it becomes stable?,Use development and pressure to influence central squares; occupation is only one method.
353,8,"Center, Space, and Tension",1,Control the Center with Pieces as Well as Pawns,Board Use,Control the Center with Pieces as Well as Pawns - Use It at the Board,8,Can my pieces challenge the center before it becomes stable?,Use development and pressure to influence central squares; occupation is only one method.
354,8,"Center, Space, and Tension",1,Control the Center with Pieces as Well as Pawns,Exceptions,Control the Center with Pieces as Well as Pawns - Know When to Break It,9,What exact feature would justify breaking this advice here?,Use development and pressure to influence central squares; occupation is only one method.
355,8,"Center, Space, and Tension",1,Control the Center with Pieces as Well as Pawns,Training,Control the Center with Pieces as Well as Pawns - Make It Automatic,10,Can my pieces challenge the center before it becomes stable?,Use development and pressure to influence central squares; occupation is only one method.
356,8,"Center, Space, and Tension",2,Ask Whether Space Can Be Used,Core Advice,Ask Whether Space Can Be Used - The Rule,12,Which piece or plan actually benefits from my extra space?,"Value extra territory only when it improves piece routes, restricts the opponent, or supports an attack."
357,8,"Center, Space, and Tension",2,Ask Whether Space Can Be Used,Recognition,Ask Whether Space Can Be Used - How to Notice It,13,Which piece or plan actually benefits from my extra space?,"Value extra territory only when it improves piece routes, restricts the opponent, or supports an attack."
358,8,"Center, Space, and Tension",2,Ask Whether Space Can Be Used,Board Use,Ask Whether Space Can Be Used - Use It at the Board,14,Which piece or plan actually benefits from my extra space?,"Value extra territory only when it improves piece routes, restricts the opponent, or supports an attack."
359,8,"Center, Space, and Tension",2,Ask Whether Space Can Be Used,Exceptions,Ask Whether Space Can Be Used - Know When to Break It,15,What exact feature would justify breaking this advice here?,"Value extra territory only when it improves piece routes, restricts the opponent, or supports an attack."
360,8,"Center, Space, and Tension",2,Ask Whether Space Can Be Used,Training,Ask Whether Space Can Be Used - Make It Automatic,16,Which piece or plan actually benefits from my extra space?,"Value extra territory only when it improves piece routes, restricts the opponent, or supports an attack."
361,8,"Center, Space, and Tension",3,Maintain Tension When It Restricts,Core Advice,Maintain Tension When It Restricts - The Rule,18,Who gains more useful moves while the tension remains?,Delay exchanges when the unresolved contact limits the opponent more than it limits you.
362,8,"Center, Space, and Tension",3,Maintain Tension When It Restricts,Recognition,Maintain Tension When It Restricts - How to Notice It,19,Who gains more useful moves while the tension remains?,Delay exchanges when the unresolved contact limits the opponent more than it limits you.
363,8,"Center, Space, and Tension",3,Maintain Tension When It Restricts,Board Use,Maintain Tension When It Restricts - Use It at the Board,20,Who gains more useful moves while the tension remains?,Delay exchanges when the unresolved contact limits the opponent more than it limits you.
364,8,"Center, Space, and Tension",3,Maintain Tension When It Restricts,Exceptions,Maintain Tension When It Restricts - Know When to Break It,21,What exact feature would justify breaking this advice here?,Delay exchanges when the unresolved contact limits the opponent more than it limits you.
365,8,"Center, Space, and Tension",3,Maintain Tension When It Restricts,Training,Maintain Tension When It Restricts - Make It Automatic,22,Who gains more useful moves while the tension remains?,Delay exchanges when the unresolved contact limits the opponent more than it limits you.
366,8,"Center, Space, and Tension",4,Resolve Tension with a Destination in Mind,Core Advice,Resolve Tension with a Destination in Mind - The Rule,24,What exact position am I choosing by resolving this contact?,"Capture or advance only after evaluating the new structure, open lines, and piece squares."
367,8,"Center, Space, and Tension",4,Resolve Tension with a Destination in Mind,Recognition,Resolve Tension with a Destination in Mind - How to Notice It,25,What exact position am I choosing by resolving this contact?,"Capture or advance only after evaluating the new structure, open lines, and piece squares."
368,8,"Center, Space, and Tension",4,Resolve Tension with a Destination in Mind,Board Use,Resolve Tension with a Destination in Mind - Use It at the Board,26,What exact position am I choosing by resolving this contact?,"Capture or advance only after evaluating the new structure, open lines, and piece squares."
369,8,"Center, Space, and Tension",4,Resolve Tension with a Destination in Mind,Exceptions,Resolve Tension with a Destination in Mind - Know When to Break It,27,What exact feature would justify breaking this advice here?,"Capture or advance only after evaluating the new structure, open lines, and piece squares."
370,8,"Center, Space, and Tension",4,Resolve Tension with a Destination in Mind,Training,Resolve Tension with a Destination in Mind - Make It Automatic,28,What exact position am I choosing by resolving this contact?,"Capture or advance only after evaluating the new structure, open lines, and piece squares."
371,8,"Center, Space, and Tension",5,Attack the Base of a Pawn Chain,Core Advice,Attack the Base of a Pawn Chain - The Rule,30,Which pawn cannot be replaced if it falls?,Pressure the pawn that supports the chain or use a break that undermines its foundation.
372,8,"Center, Space, and Tension",5,Attack the Base of a Pawn Chain,Recognition,Attack the Base of a Pawn Chain - How to Notice It,31,Which pawn cannot be replaced if it falls?,Pressure the pawn that supports the chain or use a break that undermines its foundation.
373,8,"Center, Space, and Tension",5,Attack the Base of a Pawn Chain,Board Use,Attack the Base of a Pawn Chain - Use It at the Board,32,Which pawn cannot be replaced if it falls?,Pressure the pawn that supports the chain or use a break that undermines its foundation.
374,8,"Center, Space, and Tension",5,Attack the Base of a Pawn Chain,Exceptions,Attack the Base of a Pawn Chain - Know When to Break It,33,What exact feature would justify breaking this advice here?,Pressure the pawn that supports the chain or use a break that undermines its foundation.
375,8,"Center, Space, and Tension",5,Attack the Base of a Pawn Chain,Training,Attack the Base of a Pawn Chain - Make It Automatic,34,Which pawn cannot be replaced if it falls?,Pressure the pawn that supports the chain or use a break that undermines its foundation.
376,8,"Center, Space, and Tension",6,Use a Flank Break to Challenge the Center,Core Advice,Use a Flank Break to Challenge the Center - The Rule,36,Are my pieces ready for the lines this break will open?,Strike a central pawn chain from the side when direct piece pressure cannot dislodge it.
377,8,"Center, Space, and Tension",6,Use a Flank Break to Challenge the Center,Recognition,Use a Flank Break to Challenge the Center - How to Notice It,37,Are my pieces ready for the lines this break will open?,Strike a central pawn chain from the side when direct piece pressure cannot dislodge it.
378,8,"Center, Space, and Tension",6,Use a Flank Break to Challenge the Center,Board Use,Use a Flank Break to Challenge the Center - Use It at the Board,38,Are my pieces ready for the lines this break will open?,Strike a central pawn chain from the side when direct piece pressure cannot dislodge it.
379,8,"Center, Space, and Tension",6,Use a Flank Break to Challenge the Center,Exceptions,Use a Flank Break to Challenge the Center - Know When to Break It,39,What exact feature would justify breaking this advice here?,Strike a central pawn chain from the side when direct piece pressure cannot dislodge it.
380,8,"Center, Space, and Tension",6,Use a Flank Break to Challenge the Center,Training,Use a Flank Break to Challenge the Center - Make It Automatic,40,Are my pieces ready for the lines this break will open?,Strike a central pawn chain from the side when direct piece pressure cannot dislodge it.
381,8,"Center, Space, and Tension",7,Close the Center Only with a Wing Plan,Core Advice,Close the Center Only with a Wing Plan - The Rule,42,"Which wing becomes mine, and how can the center reopen?","If you lock central pawns, know which wing offers space, king access, and a viable break."
382,8,"Center, Space, and Tension",7,Close the Center Only with a Wing Plan,Recognition,Close the Center Only with a Wing Plan - How to Notice It,43,"Which wing becomes mine, and how can the center reopen?","If you lock central pawns, know which wing offers space, king access, and a viable break."
383,8,"Center, Space, and Tension",7,Close the Center Only with a Wing Plan,Board Use,Close the Center Only with a Wing Plan - Use It at the Board,44,"Which wing becomes mine, and how can the center reopen?","If you lock central pawns, know which wing offers space, king access, and a viable break."
384,8,"Center, Space, and Tension",7,Close the Center Only with a Wing Plan,Exceptions,Close the Center Only with a Wing Plan - Know When to Break It,45,What exact feature would justify breaking this advice here?,"If you lock central pawns, know which wing offers space, king access, and a viable break."
385,8,"Center, Space, and Tension",7,Close the Center Only with a Wing Plan,Training,Close the Center Only with a Wing Plan - Make It Automatic,46,"Which wing becomes mine, and how can the center reopen?","If you lock central pawns, know which wing offers space, king access, and a viable break."
386,8,"Center, Space, and Tension",8,Open the Center When Activity Wins the Race,Core Advice,Open the Center When Activity Wins the Race - The Rule,48,Which rook or bishop becomes useful first after the exchange?,"Trade central pawns when your development, king safety, and line pieces will exploit the opening first."
387,8,"Center, Space, and Tension",8,Open the Center When Activity Wins the Race,Recognition,Open the Center When Activity Wins the Race - How to Notice It,49,Which rook or bishop becomes useful first after the exchange?,"Trade central pawns when your development, king safety, and line pieces will exploit the opening first."
388,8,"Center, Space, and Tension",8,Open the Center When Activity Wins the Race,Board Use,Open the Center When Activity Wins the Race - Use It at the Board,50,Which rook or bishop becomes useful first after the exchange?,"Trade central pawns when your development, king safety, and line pieces will exploit the opening first."
389,8,"Center, Space, and Tension",8,Open the Center When Activity Wins the Race,Exceptions,Open the Center When Activity Wins the Race - Know When to Break It,51,What exact feature would justify breaking this advice here?,"Trade central pawns when your development, king safety, and line pieces will exploit the opening first."
390,8,"Center, Space, and Tension",8,Open the Center When Activity Wins the Race,Training,Open the Center When Activity Wins the Race - Make It Automatic,52,Which rook or bishop becomes useful first after the exchange?,"Trade central pawns when your development, king safety, and line pieces will exploit the opening first."
391,8,"Center, Space, and Tension",9,Respect Central Breaks as Tactical Events,Core Advice,Respect Central Breaks as Tactical Events - The Rule,54,What forcing move appears after each possible recapture?,"Calculate pawn breaks like combinations, including captures, intermediate moves, and changed diagonals."
392,8,"Center, Space, and Tension",9,Respect Central Breaks as Tactical Events,Recognition,Respect Central Breaks as Tactical Events - How to Notice It,55,What forcing move appears after each possible recapture?,"Calculate pawn breaks like combinations, including captures, intermediate moves, and changed diagonals."
393,8,"Center, Space, and Tension",9,Respect Central Breaks as Tactical Events,Board Use,Respect Central Breaks as Tactical Events - Use It at the Board,56,What forcing move appears after each possible recapture?,"Calculate pawn breaks like combinations, including captures, intermediate moves, and changed diagonals."
394,8,"Center, Space, and Tension",9,Respect Central Breaks as Tactical Events,Exceptions,Respect Central Breaks as Tactical Events - Know When to Break It,57,What exact feature would justify breaking this advice here?,"Calculate pawn breaks like combinations, including captures, intermediate moves, and changed diagonals."
395,8,"Center, Space, and Tension",9,Respect Central Breaks as Tactical Events,Training,Respect Central Breaks as Tactical Events - Make It Automatic,58,What forcing move appears after each possible recapture?,"Calculate pawn breaks like combinations, including captures, intermediate moves, and changed diagonals."
396,8,"Center, Space, and Tension",10,"Use Space to Reposition, Not to Drift",Core Advice,"Use Space to Reposition, Not to Drift - The Rule",60,Which route uses my space before the opponent breaks free?,Exploit room to transfer pieces toward the critical wing while restricting counterplay.
397,8,"Center, Space, and Tension",10,"Use Space to Reposition, Not to Drift",Recognition,"Use Space to Reposition, Not to Drift - How to Notice It",61,Which route uses my space before the opponent breaks free?,Exploit room to transfer pieces toward the critical wing while restricting counterplay.
398,8,"Center, Space, and Tension",10,"Use Space to Reposition, Not to Drift",Board Use,"Use Space to Reposition, Not to Drift - Use It at the Board",62,Which route uses my space before the opponent breaks free?,Exploit room to transfer pieces toward the critical wing while restricting counterplay.
399,8,"Center, Space, and Tension",10,"Use Space to Reposition, Not to Drift",Exceptions,"Use Space to Reposition, Not to Drift - Know When to Break It",63,What exact feature would justify breaking this advice here?,Exploit room to transfer pieces toward the critical wing while restricting counterplay.
400,8,"Center, Space, and Tension",10,"Use Space to Reposition, Not to Drift",Training,"Use Space to Reposition, Not to Drift - Make It Automatic",64,Which route uses my space before the opponent breaks free?,Exploit room to transfer pieces toward the critical wing while restricting counterplay.
401,9,Pawn Structures and Breaks,1,Draw the Pawn Skeleton First,Core Advice,Draw the Pawn Skeleton First - The Rule,6,What does the position still say when the pieces are hidden?,"Mentally remove the pieces and identify chains, islands, majorities, fixed weaknesses, and breaks."
402,9,Pawn Structures and Breaks,1,Draw the Pawn Skeleton First,Recognition,Draw the Pawn Skeleton First - How to Notice It,7,What does the position still say when the pieces are hidden?,"Mentally remove the pieces and identify chains, islands, majorities, fixed weaknesses, and breaks."
403,9,Pawn Structures and Breaks,1,Draw the Pawn Skeleton First,Board Use,Draw the Pawn Skeleton First - Use It at the Board,8,What does the position still say when the pieces are hidden?,"Mentally remove the pieces and identify chains, islands, majorities, fixed weaknesses, and breaks."
404,9,Pawn Structures and Breaks,1,Draw the Pawn Skeleton First,Exceptions,Draw the Pawn Skeleton First - Know When to Break It,9,What exact feature would justify breaking this advice here?,"Mentally remove the pieces and identify chains, islands, majorities, fixed weaknesses, and breaks."
405,9,Pawn Structures and Breaks,1,Draw the Pawn Skeleton First,Training,Draw the Pawn Skeleton First - Make It Automatic,10,What does the position still say when the pieces are hidden?,"Mentally remove the pieces and identify chains, islands, majorities, fixed weaknesses, and breaks."
406,9,Pawn Structures and Breaks,2,Find Both Sides' Pawn Breaks,Core Advice,Find Both Sides' Pawn Breaks - The Rule,12,"Which break changes the position in my favor, and which enemy break must I stop?","List every realistic break and compare preparation, timing, and resulting lines."
407,9,Pawn Structures and Breaks,2,Find Both Sides' Pawn Breaks,Recognition,Find Both Sides' Pawn Breaks - How to Notice It,13,"Which break changes the position in my favor, and which enemy break must I stop?","List every realistic break and compare preparation, timing, and resulting lines."
408,9,Pawn Structures and Breaks,2,Find Both Sides' Pawn Breaks,Board Use,Find Both Sides' Pawn Breaks - Use It at the Board,14,"Which break changes the position in my favor, and which enemy break must I stop?","List every realistic break and compare preparation, timing, and resulting lines."
409,9,Pawn Structures and Breaks,2,Find Both Sides' Pawn Breaks,Exceptions,Find Both Sides' Pawn Breaks - Know When to Break It,15,What exact feature would justify breaking this advice here?,"List every realistic break and compare preparation, timing, and resulting lines."
410,9,Pawn Structures and Breaks,2,Find Both Sides' Pawn Breaks,Training,Find Both Sides' Pawn Breaks - Make It Automatic,16,"Which break changes the position in my favor, and which enemy break must I stop?","List every realistic break and compare preparation, timing, and resulting lines."
411,9,Pawn Structures and Breaks,3,Prepare the Break with Pieces,Core Advice,Prepare the Break with Pieces - The Rule,18,Which of my pieces becomes active after the break?,"Place rooks, bishops, knights, and queen where they benefit from the files and diagonals that the pawn contact will create."
412,9,Pawn Structures and Breaks,3,Prepare the Break with Pieces,Recognition,Prepare the Break with Pieces - How to Notice It,19,Which of my pieces becomes active after the break?,"Place rooks, bishops, knights, and queen where they benefit from the files and diagonals that the pawn contact will create."
413,9,Pawn Structures and Breaks,3,Prepare the Break with Pieces,Board Use,Prepare the Break with Pieces - Use It at the Board,20,Which of my pieces becomes active after the break?,"Place rooks, bishops, knights, and queen where they benefit from the files and diagonals that the pawn contact will create."
414,9,Pawn Structures and Breaks,3,Prepare the Break with Pieces,Exceptions,Prepare the Break with Pieces - Know When to Break It,21,What exact feature would justify breaking this advice here?,"Place rooks, bishops, knights, and queen where they benefit from the files and diagonals that the pawn contact will create."
415,9,Pawn Structures and Breaks,3,Prepare the Break with Pieces,Training,Prepare the Break with Pieces - Make It Automatic,22,Which of my pieces becomes active after the break?,"Place rooks, bishops, knights, and queen where they benefit from the files and diagonals that the pawn contact will create."
416,9,Pawn Structures and Breaks,4,Fix a Weakness Before Attacking It,Core Advice,Fix a Weakness Before Attacking It - The Rule,24,"Can the target run, trade, or be defended actively?",Make a target unable to advance or exchange before piling up pressure.
417,9,Pawn Structures and Breaks,4,Fix a Weakness Before Attacking It,Recognition,Fix a Weakness Before Attacking It - How to Notice It,25,"Can the target run, trade, or be defended actively?",Make a target unable to advance or exchange before piling up pressure.
418,9,Pawn Structures and Breaks,4,Fix a Weakness Before Attacking It,Board Use,Fix a Weakness Before Attacking It - Use It at the Board,26,"Can the target run, trade, or be defended actively?",Make a target unable to advance or exchange before piling up pressure.
419,9,Pawn Structures and Breaks,4,Fix a Weakness Before Attacking It,Exceptions,Fix a Weakness Before Attacking It - Know When to Break It,27,What exact feature would justify breaking this advice here?,Make a target unable to advance or exchange before piling up pressure.
420,9,Pawn Structures and Breaks,4,Fix a Weakness Before Attacking It,Training,Fix a Weakness Before Attacking It - Make It Automatic,28,"Can the target run, trade, or be defended actively?",Make a target unable to advance or exchange before piling up pressure.
421,9,Pawn Structures and Breaks,5,Attack Chains at the Right Point,Core Advice,Attack Chains at the Right Point - The Rule,30,Which point can I attack before the opponent acts elsewhere?,"Choose between base, head, and side break according to access and speed."
422,9,Pawn Structures and Breaks,5,Attack Chains at the Right Point,Recognition,Attack Chains at the Right Point - How to Notice It,31,Which point can I attack before the opponent acts elsewhere?,"Choose between base, head, and side break according to access and speed."
423,9,Pawn Structures and Breaks,5,Attack Chains at the Right Point,Board Use,Attack Chains at the Right Point - Use It at the Board,32,Which point can I attack before the opponent acts elsewhere?,"Choose between base, head, and side break according to access and speed."
424,9,Pawn Structures and Breaks,5,Attack Chains at the Right Point,Exceptions,Attack Chains at the Right Point - Know When to Break It,33,What exact feature would justify breaking this advice here?,"Choose between base, head, and side break according to access and speed."
425,9,Pawn Structures and Breaks,5,Attack Chains at the Right Point,Training,Attack Chains at the Right Point - Make It Automatic,34,Which point can I attack before the opponent acts elsewhere?,"Choose between base, head, and side break according to access and speed."
426,9,Pawn Structures and Breaks,6,Create a Passed Pawn with Support,Core Advice,Create a Passed Pawn with Support - The Rule,36,"Who can blockade, and who can escort?","Form a passer only after considering blockade, escort, king activity, and enemy counterplay."
427,9,Pawn Structures and Breaks,6,Create a Passed Pawn with Support,Recognition,Create a Passed Pawn with Support - How to Notice It,37,"Who can blockade, and who can escort?","Form a passer only after considering blockade, escort, king activity, and enemy counterplay."
428,9,Pawn Structures and Breaks,6,Create a Passed Pawn with Support,Board Use,Create a Passed Pawn with Support - Use It at the Board,38,"Who can blockade, and who can escort?","Form a passer only after considering blockade, escort, king activity, and enemy counterplay."
429,9,Pawn Structures and Breaks,6,Create a Passed Pawn with Support,Exceptions,Create a Passed Pawn with Support - Know When to Break It,39,What exact feature would justify breaking this advice here?,"Form a passer only after considering blockade, escort, king activity, and enemy counterplay."
430,9,Pawn Structures and Breaks,6,Create a Passed Pawn with Support,Training,Create a Passed Pawn with Support - Make It Automatic,40,"Who can blockade, and who can escort?","Form a passer only after considering blockade, escort, king activity, and enemy counterplay."
431,9,Pawn Structures and Breaks,7,Use Pawn Majorities in the Correct Phase,Core Advice,Use Pawn Majorities in the Correct Phase - The Rule,42,Does advancing create a useful passer or merely new weaknesses?,Advance a majority when pieces can support it and the resulting passer matters.
432,9,Pawn Structures and Breaks,7,Use Pawn Majorities in the Correct Phase,Recognition,Use Pawn Majorities in the Correct Phase - How to Notice It,43,Does advancing create a useful passer or merely new weaknesses?,Advance a majority when pieces can support it and the resulting passer matters.
433,9,Pawn Structures and Breaks,7,Use Pawn Majorities in the Correct Phase,Board Use,Use Pawn Majorities in the Correct Phase - Use It at the Board,44,Does advancing create a useful passer or merely new weaknesses?,Advance a majority when pieces can support it and the resulting passer matters.
434,9,Pawn Structures and Breaks,7,Use Pawn Majorities in the Correct Phase,Exceptions,Use Pawn Majorities in the Correct Phase - Know When to Break It,45,What exact feature would justify breaking this advice here?,Advance a majority when pieces can support it and the resulting passer matters.
435,9,Pawn Structures and Breaks,7,Use Pawn Majorities in the Correct Phase,Training,Use Pawn Majorities in the Correct Phase - Make It Automatic,46,Does advancing create a useful passer or merely new weaknesses?,Advance a majority when pieces can support it and the resulting passer matters.
436,9,Pawn Structures and Breaks,8,Treat Pawn Moves as Permanent,Core Advice,Treat Pawn Moves as Permanent - The Rule,48,What can never be undone after this push?,"Before pushing, name the squares weakened, lines closed, and future breaks altered."
437,9,Pawn Structures and Breaks,8,Treat Pawn Moves as Permanent,Recognition,Treat Pawn Moves as Permanent - How to Notice It,49,What can never be undone after this push?,"Before pushing, name the squares weakened, lines closed, and future breaks altered."
438,9,Pawn Structures and Breaks,8,Treat Pawn Moves as Permanent,Board Use,Treat Pawn Moves as Permanent - Use It at the Board,50,What can never be undone after this push?,"Before pushing, name the squares weakened, lines closed, and future breaks altered."
439,9,Pawn Structures and Breaks,8,Treat Pawn Moves as Permanent,Exceptions,Treat Pawn Moves as Permanent - Know When to Break It,51,What exact feature would justify breaking this advice here?,"Before pushing, name the squares weakened, lines closed, and future breaks altered."
440,9,Pawn Structures and Breaks,8,Treat Pawn Moves as Permanent,Training,Treat Pawn Moves as Permanent - Make It Automatic,52,What can never be undone after this push?,"Before pushing, name the squares weakened, lines closed, and future breaks altered."
441,9,Pawn Structures and Breaks,9,Recapture Toward the Desired Structure,Core Advice,Recapture Toward the Desired Structure - The Rule,54,Which recapture gives me the easier long-term tasks?,"Choose a recapture by future files, central control, king safety, and endgame prospects."
442,9,Pawn Structures and Breaks,9,Recapture Toward the Desired Structure,Recognition,Recapture Toward the Desired Structure - How to Notice It,55,Which recapture gives me the easier long-term tasks?,"Choose a recapture by future files, central control, king safety, and endgame prospects."
443,9,Pawn Structures and Breaks,9,Recapture Toward the Desired Structure,Board Use,Recapture Toward the Desired Structure - Use It at the Board,56,Which recapture gives me the easier long-term tasks?,"Choose a recapture by future files, central control, king safety, and endgame prospects."
444,9,Pawn Structures and Breaks,9,Recapture Toward the Desired Structure,Exceptions,Recapture Toward the Desired Structure - Know When to Break It,57,What exact feature would justify breaking this advice here?,"Choose a recapture by future files, central control, king safety, and endgame prospects."
445,9,Pawn Structures and Breaks,9,Recapture Toward the Desired Structure,Training,Recapture Toward the Desired Structure - Make It Automatic,58,Which recapture gives me the easier long-term tasks?,"Choose a recapture by future files, central control, king safety, and endgame prospects."
446,9,Pawn Structures and Breaks,10,Transform Weaknesses Rather Than Defend Forever,Core Advice,Transform Weaknesses Rather Than Defend Forever - The Rule,60,Can I change the nature of the weakness before it is attacked?,"Use breaks, exchanges, sacrifices, or activity to trade one liability for a more favorable imbalance."
447,9,Pawn Structures and Breaks,10,Transform Weaknesses Rather Than Defend Forever,Recognition,Transform Weaknesses Rather Than Defend Forever - How to Notice It,61,Can I change the nature of the weakness before it is attacked?,"Use breaks, exchanges, sacrifices, or activity to trade one liability for a more favorable imbalance."
448,9,Pawn Structures and Breaks,10,Transform Weaknesses Rather Than Defend Forever,Board Use,Transform Weaknesses Rather Than Defend Forever - Use It at the Board,62,Can I change the nature of the weakness before it is attacked?,"Use breaks, exchanges, sacrifices, or activity to trade one liability for a more favorable imbalance."
449,9,Pawn Structures and Breaks,10,Transform Weaknesses Rather Than Defend Forever,Exceptions,Transform Weaknesses Rather Than Defend Forever - Know When to Break It,63,What exact feature would justify breaking this advice here?,"Use breaks, exchanges, sacrifices, or activity to trade one liability for a more favorable imbalance."
450,9,Pawn Structures and Breaks,10,Transform Weaknesses Rather Than Defend Forever,Training,Transform Weaknesses Rather Than Defend Forever - Make It Automatic,64,Can I change the nature of the weakness before it is attacked?,"Use breaks, exchanges, sacrifices, or activity to trade one liability for a more favorable imbalance."
451,10,Piece Improvement and Coordination,1,Improve the Worst Piece,Core Advice,Improve the Worst Piece - The Rule,6,Which piece would I remove from the board with the least regret?,"When no tactic is urgent, find the least useful unit and give it a realistic route to a better job."
452,10,Piece Improvement and Coordination,1,Improve the Worst Piece,Recognition,Improve the Worst Piece - How to Notice It,7,Which piece would I remove from the board with the least regret?,"When no tactic is urgent, find the least useful unit and give it a realistic route to a better job."
453,10,Piece Improvement and Coordination,1,Improve the Worst Piece,Board Use,Improve the Worst Piece - Use It at the Board,8,Which piece would I remove from the board with the least regret?,"When no tactic is urgent, find the least useful unit and give it a realistic route to a better job."
454,10,Piece Improvement and Coordination,1,Improve the Worst Piece,Exceptions,Improve the Worst Piece - Know When to Break It,9,What exact feature would justify breaking this advice here?,"When no tactic is urgent, find the least useful unit and give it a realistic route to a better job."
455,10,Piece Improvement and Coordination,1,Improve the Worst Piece,Training,Improve the Worst Piece - Make It Automatic,10,Which piece would I remove from the board with the least regret?,"When no tactic is urgent, find the least useful unit and give it a realistic route to a better job."
456,10,Piece Improvement and Coordination,2,Give Each Piece a Job,Core Advice,Give Each Piece a Job - The Rule,12,What concrete task justifies this square?,"Define whether a unit attacks, defends, blocks, supports a break, controls an entry square, or prepares an exchange."
457,10,Piece Improvement and Coordination,2,Give Each Piece a Job,Recognition,Give Each Piece a Job - How to Notice It,13,What concrete task justifies this square?,"Define whether a unit attacks, defends, blocks, supports a break, controls an entry square, or prepares an exchange."
458,10,Piece Improvement and Coordination,2,Give Each Piece a Job,Board Use,Give Each Piece a Job - Use It at the Board,14,What concrete task justifies this square?,"Define whether a unit attacks, defends, blocks, supports a break, controls an entry square, or prepares an exchange."
459,10,Piece Improvement and Coordination,2,Give Each Piece a Job,Exceptions,Give Each Piece a Job - Know When to Break It,15,What exact feature would justify breaking this advice here?,"Define whether a unit attacks, defends, blocks, supports a break, controls an entry square, or prepares an exchange."
460,10,Piece Improvement and Coordination,2,Give Each Piece a Job,Training,Give Each Piece a Job - Make It Automatic,16,What concrete task justifies this square?,"Define whether a unit attacks, defends, blocks, supports a break, controls an entry square, or prepares an exchange."
461,10,Piece Improvement and Coordination,3,Coordinate Around a Target or Break,Core Advice,Coordinate Around a Target or Break - The Rule,18,How many pieces participate in my intended operation?,Arrange multiple pieces so their actions converge on the same operation.
462,10,Piece Improvement and Coordination,3,Coordinate Around a Target or Break,Recognition,Coordinate Around a Target or Break - How to Notice It,19,How many pieces participate in my intended operation?,Arrange multiple pieces so their actions converge on the same operation.
463,10,Piece Improvement and Coordination,3,Coordinate Around a Target or Break,Board Use,Coordinate Around a Target or Break - Use It at the Board,20,How many pieces participate in my intended operation?,Arrange multiple pieces so their actions converge on the same operation.
464,10,Piece Improvement and Coordination,3,Coordinate Around a Target or Break,Exceptions,Coordinate Around a Target or Break - Know When to Break It,21,What exact feature would justify breaking this advice here?,Arrange multiple pieces so their actions converge on the same operation.
465,10,Piece Improvement and Coordination,3,Coordinate Around a Target or Break,Training,Coordinate Around a Target or Break - Make It Automatic,22,How many pieces participate in my intended operation?,Arrange multiple pieces so their actions converge on the same operation.
466,10,Piece Improvement and Coordination,4,Preserve Useful Piece Routes,Core Advice,Preserve Useful Piece Routes - The Rule,24,Which future route disappears after this move?,"Before a pawn move or exchange, check whether it blocks a diagonal, square, file, or transfer path."
467,10,Piece Improvement and Coordination,4,Preserve Useful Piece Routes,Recognition,Preserve Useful Piece Routes - How to Notice It,25,Which future route disappears after this move?,"Before a pawn move or exchange, check whether it blocks a diagonal, square, file, or transfer path."
468,10,Piece Improvement and Coordination,4,Preserve Useful Piece Routes,Board Use,Preserve Useful Piece Routes - Use It at the Board,26,Which future route disappears after this move?,"Before a pawn move or exchange, check whether it blocks a diagonal, square, file, or transfer path."
469,10,Piece Improvement and Coordination,4,Preserve Useful Piece Routes,Exceptions,Preserve Useful Piece Routes - Know When to Break It,27,What exact feature would justify breaking this advice here?,"Before a pawn move or exchange, check whether it blocks a diagonal, square, file, or transfer path."
470,10,Piece Improvement and Coordination,4,Preserve Useful Piece Routes,Training,Preserve Useful Piece Routes - Make It Automatic,28,Which future route disappears after this move?,"Before a pawn move or exchange, check whether it blocks a diagonal, square, file, or transfer path."
471,10,Piece Improvement and Coordination,5,Put Knights on Stable Squares,Core Advice,Put Knights on Stable Squares - The Rule,30,What useful target does the knight influence from the outpost?,Seek central or advanced squares that enemy pawns cannot challenge without serious concession.
472,10,Piece Improvement and Coordination,5,Put Knights on Stable Squares,Recognition,Put Knights on Stable Squares - How to Notice It,31,What useful target does the knight influence from the outpost?,Seek central or advanced squares that enemy pawns cannot challenge without serious concession.
473,10,Piece Improvement and Coordination,5,Put Knights on Stable Squares,Board Use,Put Knights on Stable Squares - Use It at the Board,32,What useful target does the knight influence from the outpost?,Seek central or advanced squares that enemy pawns cannot challenge without serious concession.
474,10,Piece Improvement and Coordination,5,Put Knights on Stable Squares,Exceptions,Put Knights on Stable Squares - Know When to Break It,33,What exact feature would justify breaking this advice here?,Seek central or advanced squares that enemy pawns cannot challenge without serious concession.
475,10,Piece Improvement and Coordination,5,Put Knights on Stable Squares,Training,Put Knights on Stable Squares - Make It Automatic,34,What useful target does the knight influence from the outpost?,Seek central or advanced squares that enemy pawns cannot challenge without serious concession.
476,10,Piece Improvement and Coordination,6,Open Lines for Bishops,Core Advice,Open Lines for Bishops - The Rule,36,"Which pawn blocks my bishop, and what happens if it moves?","Use pawn breaks, exchanges, and diagonal changes to activate bishops before judging them bad."
477,10,Piece Improvement and Coordination,6,Open Lines for Bishops,Recognition,Open Lines for Bishops - How to Notice It,37,"Which pawn blocks my bishop, and what happens if it moves?","Use pawn breaks, exchanges, and diagonal changes to activate bishops before judging them bad."
478,10,Piece Improvement and Coordination,6,Open Lines for Bishops,Board Use,Open Lines for Bishops - Use It at the Board,38,"Which pawn blocks my bishop, and what happens if it moves?","Use pawn breaks, exchanges, and diagonal changes to activate bishops before judging them bad."
479,10,Piece Improvement and Coordination,6,Open Lines for Bishops,Exceptions,Open Lines for Bishops - Know When to Break It,39,What exact feature would justify breaking this advice here?,"Use pawn breaks, exchanges, and diagonal changes to activate bishops before judging them bad."
480,10,Piece Improvement and Coordination,6,Open Lines for Bishops,Training,Open Lines for Bishops - Make It Automatic,40,"Which pawn blocks my bishop, and what happens if it moves?","Use pawn breaks, exchanges, and diagonal changes to activate bishops before judging them bad."
481,10,Piece Improvement and Coordination,7,Place Rooks Where Files Will Open,Core Advice,Place Rooks Where Files Will Open - The Rule,42,What entry square or concrete task exists on this file?,"Prepare rooks on open, half-open, or soon-to-open files and behind passed pawns."
482,10,Piece Improvement and Coordination,7,Place Rooks Where Files Will Open,Recognition,Place Rooks Where Files Will Open - How to Notice It,43,What entry square or concrete task exists on this file?,"Prepare rooks on open, half-open, or soon-to-open files and behind passed pawns."
483,10,Piece Improvement and Coordination,7,Place Rooks Where Files Will Open,Board Use,Place Rooks Where Files Will Open - Use It at the Board,44,What entry square or concrete task exists on this file?,"Prepare rooks on open, half-open, or soon-to-open files and behind passed pawns."
484,10,Piece Improvement and Coordination,7,Place Rooks Where Files Will Open,Exceptions,Place Rooks Where Files Will Open - Know When to Break It,45,What exact feature would justify breaking this advice here?,"Prepare rooks on open, half-open, or soon-to-open files and behind passed pawns."
485,10,Piece Improvement and Coordination,7,Place Rooks Where Files Will Open,Training,Place Rooks Where Files Will Open - Make It Automatic,46,What entry square or concrete task exists on this file?,"Prepare rooks on open, half-open, or soon-to-open files and behind passed pawns."
486,10,Piece Improvement and Coordination,8,Use the Queen to Multiply Pressure,Core Advice,Use the Queen to Multiply Pressure - The Rule,48,Which piece or line becomes stronger because the queen joins?,Coordinate the queen with smaller pieces instead of sending it alone.
487,10,Piece Improvement and Coordination,8,Use the Queen to Multiply Pressure,Recognition,Use the Queen to Multiply Pressure - How to Notice It,49,Which piece or line becomes stronger because the queen joins?,Coordinate the queen with smaller pieces instead of sending it alone.
488,10,Piece Improvement and Coordination,8,Use the Queen to Multiply Pressure,Board Use,Use the Queen to Multiply Pressure - Use It at the Board,50,Which piece or line becomes stronger because the queen joins?,Coordinate the queen with smaller pieces instead of sending it alone.
489,10,Piece Improvement and Coordination,8,Use the Queen to Multiply Pressure,Exceptions,Use the Queen to Multiply Pressure - Know When to Break It,51,What exact feature would justify breaking this advice here?,Coordinate the queen with smaller pieces instead of sending it alone.
490,10,Piece Improvement and Coordination,8,Use the Queen to Multiply Pressure,Training,Use the Queen to Multiply Pressure - Make It Automatic,52,Which piece or line becomes stronger because the queen joins?,Coordinate the queen with smaller pieces instead of sending it alone.
491,10,Piece Improvement and Coordination,9,Activate the King When Danger Falls,Core Advice,Activate the King When Danger Falls - The Rule,54,Has the king become a fighter yet?,"As pieces disappear, move the king toward central squares, passed pawns, and critical entry points."
492,10,Piece Improvement and Coordination,9,Activate the King When Danger Falls,Recognition,Activate the King When Danger Falls - How to Notice It,55,Has the king become a fighter yet?,"As pieces disappear, move the king toward central squares, passed pawns, and critical entry points."
493,10,Piece Improvement and Coordination,9,Activate the King When Danger Falls,Board Use,Activate the King When Danger Falls - Use It at the Board,56,Has the king become a fighter yet?,"As pieces disappear, move the king toward central squares, passed pawns, and critical entry points."
494,10,Piece Improvement and Coordination,9,Activate the King When Danger Falls,Exceptions,Activate the King When Danger Falls - Know When to Break It,57,What exact feature would justify breaking this advice here?,"As pieces disappear, move the king toward central squares, passed pawns, and critical entry points."
495,10,Piece Improvement and Coordination,9,Activate the King When Danger Falls,Training,Activate the King When Danger Falls - Make It Automatic,58,Has the king become a fighter yet?,"As pieces disappear, move the king toward central squares, passed pawns, and critical entry points."
496,10,Piece Improvement and Coordination,10,Avoid Piece Congestion,Core Advice,Avoid Piece Congestion - The Rule,60,Which piece loses options because another occupies this square?,"Choose squares and routes that do not make pieces compete, block pawns, or obstruct rooks."
497,10,Piece Improvement and Coordination,10,Avoid Piece Congestion,Recognition,Avoid Piece Congestion - How to Notice It,61,Which piece loses options because another occupies this square?,"Choose squares and routes that do not make pieces compete, block pawns, or obstruct rooks."
498,10,Piece Improvement and Coordination,10,Avoid Piece Congestion,Board Use,Avoid Piece Congestion - Use It at the Board,62,Which piece loses options because another occupies this square?,"Choose squares and routes that do not make pieces compete, block pawns, or obstruct rooks."
499,10,Piece Improvement and Coordination,10,Avoid Piece Congestion,Exceptions,Avoid Piece Congestion - Know When to Break It,63,What exact feature would justify breaking this advice here?,"Choose squares and routes that do not make pieces compete, block pawns, or obstruct rooks."
500,10,Piece Improvement and Coordination,10,Avoid Piece Congestion,Training,Avoid Piece Congestion - Make It Automatic,64,Which piece loses options because another occupies this square?,"Choose squares and routes that do not make pieces compete, block pawns, or obstruct rooks."
501,11,"Exchanges, Imbalances, and Simplification",1,Evaluate the Position After the Trade,Core Advice,Evaluate the Position After the Trade - The Rule,6,Would I choose the resulting position if the trade itself were invisible?,"Before exchanging, picture the exact remaining pieces, pawns, files, and king activity."
502,11,"Exchanges, Imbalances, and Simplification",1,Evaluate the Position After the Trade,Recognition,Evaluate the Position After the Trade - How to Notice It,7,Would I choose the resulting position if the trade itself were invisible?,"Before exchanging, picture the exact remaining pieces, pawns, files, and king activity."
503,11,"Exchanges, Imbalances, and Simplification",1,Evaluate the Position After the Trade,Board Use,Evaluate the Position After the Trade - Use It at the Board,8,Would I choose the resulting position if the trade itself were invisible?,"Before exchanging, picture the exact remaining pieces, pawns, files, and king activity."
504,11,"Exchanges, Imbalances, and Simplification",1,Evaluate the Position After the Trade,Exceptions,Evaluate the Position After the Trade - Know When to Break It,9,What exact feature would justify breaking this advice here?,"Before exchanging, picture the exact remaining pieces, pawns, files, and king activity."
505,11,"Exchanges, Imbalances, and Simplification",1,Evaluate the Position After the Trade,Training,Evaluate the Position After the Trade - Make It Automatic,10,Would I choose the resulting position if the trade itself were invisible?,"Before exchanging, picture the exact remaining pieces, pawns, files, and king activity."
506,11,"Exchanges, Imbalances, and Simplification",2,Trade the Opponent's Best Piece,Core Advice,Trade the Opponent's Best Piece - The Rule,12,Which enemy piece would I least like to face for ten more moves?,"Exchange the unit that enables their attack, defense, blockade, or key break."
507,11,"Exchanges, Imbalances, and Simplification",2,Trade the Opponent's Best Piece,Recognition,Trade the Opponent's Best Piece - How to Notice It,13,Which enemy piece would I least like to face for ten more moves?,"Exchange the unit that enables their attack, defense, blockade, or key break."
508,11,"Exchanges, Imbalances, and Simplification",2,Trade the Opponent's Best Piece,Board Use,Trade the Opponent's Best Piece - Use It at the Board,14,Which enemy piece would I least like to face for ten more moves?,"Exchange the unit that enables their attack, defense, blockade, or key break."
509,11,"Exchanges, Imbalances, and Simplification",2,Trade the Opponent's Best Piece,Exceptions,Trade the Opponent's Best Piece - Know When to Break It,15,What exact feature would justify breaking this advice here?,"Exchange the unit that enables their attack, defense, blockade, or key break."
510,11,"Exchanges, Imbalances, and Simplification",2,Trade the Opponent's Best Piece,Training,Trade the Opponent's Best Piece - Make It Automatic,16,Which enemy piece would I least like to face for ten more moves?,"Exchange the unit that enables their attack, defense, blockade, or key break."
511,11,"Exchanges, Imbalances, and Simplification",3,Keep Their Worst Piece,Core Advice,Keep Their Worst Piece - The Rule,18,Can this bad piece become good quickly?,Avoid exchanging a passive or misplaced enemy unit unless the resulting structure clearly favors you.
512,11,"Exchanges, Imbalances, and Simplification",3,Keep Their Worst Piece,Recognition,Keep Their Worst Piece - How to Notice It,19,Can this bad piece become good quickly?,Avoid exchanging a passive or misplaced enemy unit unless the resulting structure clearly favors you.
513,11,"Exchanges, Imbalances, and Simplification",3,Keep Their Worst Piece,Board Use,Keep Their Worst Piece - Use It at the Board,20,Can this bad piece become good quickly?,Avoid exchanging a passive or misplaced enemy unit unless the resulting structure clearly favors you.
514,11,"Exchanges, Imbalances, and Simplification",3,Keep Their Worst Piece,Exceptions,Keep Their Worst Piece - Know When to Break It,21,What exact feature would justify breaking this advice here?,Avoid exchanging a passive or misplaced enemy unit unless the resulting structure clearly favors you.
515,11,"Exchanges, Imbalances, and Simplification",3,Keep Their Worst Piece,Training,Keep Their Worst Piece - Make It Automatic,22,Can this bad piece become good quickly?,Avoid exchanging a passive or misplaced enemy unit unless the resulting structure clearly favors you.
516,11,"Exchanges, Imbalances, and Simplification",4,Simplify When It Removes Counterplay,Core Advice,Simplify When It Removes Counterplay - The Rule,24,"What active resource disappears, and is the ending actually favorable?","Trade attacking pieces, dangerous passers, or active queens when your remaining advantage is still sufficient."
517,11,"Exchanges, Imbalances, and Simplification",4,Simplify When It Removes Counterplay,Recognition,Simplify When It Removes Counterplay - How to Notice It,25,"What active resource disappears, and is the ending actually favorable?","Trade attacking pieces, dangerous passers, or active queens when your remaining advantage is still sufficient."
518,11,"Exchanges, Imbalances, and Simplification",4,Simplify When It Removes Counterplay,Board Use,Simplify When It Removes Counterplay - Use It at the Board,26,"What active resource disappears, and is the ending actually favorable?","Trade attacking pieces, dangerous passers, or active queens when your remaining advantage is still sufficient."
519,11,"Exchanges, Imbalances, and Simplification",4,Simplify When It Removes Counterplay,Exceptions,Simplify When It Removes Counterplay - Know When to Break It,27,What exact feature would justify breaking this advice here?,"Trade attacking pieces, dangerous passers, or active queens when your remaining advantage is still sufficient."
520,11,"Exchanges, Imbalances, and Simplification",4,Simplify When It Removes Counterplay,Training,Simplify When It Removes Counterplay - Make It Automatic,28,"What active resource disappears, and is the ending actually favorable?","Trade attacking pieces, dangerous passers, or active queens when your remaining advantage is still sufficient."
521,11,"Exchanges, Imbalances, and Simplification",5,Do Not Trade Merely Because You Are Ahead,Core Advice,Do Not Trade Merely Because You Are Ahead - The Rule,30,Which advantage survives the exchange?,Require a concrete reduction of risk or a favorable endpoint.
522,11,"Exchanges, Imbalances, and Simplification",5,Do Not Trade Merely Because You Are Ahead,Recognition,Do Not Trade Merely Because You Are Ahead - How to Notice It,31,Which advantage survives the exchange?,Require a concrete reduction of risk or a favorable endpoint.
523,11,"Exchanges, Imbalances, and Simplification",5,Do Not Trade Merely Because You Are Ahead,Board Use,Do Not Trade Merely Because You Are Ahead - Use It at the Board,32,Which advantage survives the exchange?,Require a concrete reduction of risk or a favorable endpoint.
524,11,"Exchanges, Imbalances, and Simplification",5,Do Not Trade Merely Because You Are Ahead,Exceptions,Do Not Trade Merely Because You Are Ahead - Know When to Break It,33,What exact feature would justify breaking this advice here?,Require a concrete reduction of risk or a favorable endpoint.
525,11,"Exchanges, Imbalances, and Simplification",5,Do Not Trade Merely Because You Are Ahead,Training,Do Not Trade Merely Because You Are Ahead - Make It Automatic,34,Which advantage survives the exchange?,Require a concrete reduction of risk or a favorable endpoint.
526,11,"Exchanges, Imbalances, and Simplification",6,Use Exchanges to Change Color Complexes,Core Advice,Use Exchanges to Change Color Complexes - The Rule,36,Which squares become permanently weak after this trade?,"Remove a bishop, knight, or key defender to gain lasting control of squares."
527,11,"Exchanges, Imbalances, and Simplification",6,Use Exchanges to Change Color Complexes,Recognition,Use Exchanges to Change Color Complexes - How to Notice It,37,Which squares become permanently weak after this trade?,"Remove a bishop, knight, or key defender to gain lasting control of squares."
528,11,"Exchanges, Imbalances, and Simplification",6,Use Exchanges to Change Color Complexes,Board Use,Use Exchanges to Change Color Complexes - Use It at the Board,38,Which squares become permanently weak after this trade?,"Remove a bishop, knight, or key defender to gain lasting control of squares."
529,11,"Exchanges, Imbalances, and Simplification",6,Use Exchanges to Change Color Complexes,Exceptions,Use Exchanges to Change Color Complexes - Know When to Break It,39,What exact feature would justify breaking this advice here?,"Remove a bishop, knight, or key defender to gain lasting control of squares."
530,11,"Exchanges, Imbalances, and Simplification",6,Use Exchanges to Change Color Complexes,Training,Use Exchanges to Change Color Complexes - Make It Automatic,40,Which squares become permanently weak after this trade?,"Remove a bishop, knight, or key defender to gain lasting control of squares."
531,11,"Exchanges, Imbalances, and Simplification",7,Choose the Recapture That Improves the Army,Core Advice,Choose the Recapture That Improves the Army - The Rule,42,Which recapture makes another piece better too?,"Recapture with the unit that gains activity, opens a file, preserves structure, or supports the next plan."
532,11,"Exchanges, Imbalances, and Simplification",7,Choose the Recapture That Improves the Army,Recognition,Choose the Recapture That Improves the Army - How to Notice It,43,Which recapture makes another piece better too?,"Recapture with the unit that gains activity, opens a file, preserves structure, or supports the next plan."
533,11,"Exchanges, Imbalances, and Simplification",7,Choose the Recapture That Improves the Army,Board Use,Choose the Recapture That Improves the Army - Use It at the Board,44,Which recapture makes another piece better too?,"Recapture with the unit that gains activity, opens a file, preserves structure, or supports the next plan."
534,11,"Exchanges, Imbalances, and Simplification",7,Choose the Recapture That Improves the Army,Exceptions,Choose the Recapture That Improves the Army - Know When to Break It,45,What exact feature would justify breaking this advice here?,"Recapture with the unit that gains activity, opens a file, preserves structure, or supports the next plan."
535,11,"Exchanges, Imbalances, and Simplification",7,Choose the Recapture That Improves the Army,Training,Choose the Recapture That Improves the Army - Make It Automatic,46,Which recapture makes another piece better too?,"Recapture with the unit that gains activity, opens a file, preserves structure, or supports the next plan."
536,11,"Exchanges, Imbalances, and Simplification",8,Exchange to Gain a Tempo,Core Advice,Exchange to Gain a Tempo - The Rule,48,"What is their best recapture, and what can I do immediately after it?",Trade when the forced recapture places an enemy piece awkwardly or lets you improve with tempo.
537,11,"Exchanges, Imbalances, and Simplification",8,Exchange to Gain a Tempo,Recognition,Exchange to Gain a Tempo - How to Notice It,49,"What is their best recapture, and what can I do immediately after it?",Trade when the forced recapture places an enemy piece awkwardly or lets you improve with tempo.
538,11,"Exchanges, Imbalances, and Simplification",8,Exchange to Gain a Tempo,Board Use,Exchange to Gain a Tempo - Use It at the Board,50,"What is their best recapture, and what can I do immediately after it?",Trade when the forced recapture places an enemy piece awkwardly or lets you improve with tempo.
539,11,"Exchanges, Imbalances, and Simplification",8,Exchange to Gain a Tempo,Exceptions,Exchange to Gain a Tempo - Know When to Break It,51,What exact feature would justify breaking this advice here?,Trade when the forced recapture places an enemy piece awkwardly or lets you improve with tempo.
540,11,"Exchanges, Imbalances, and Simplification",8,Exchange to Gain a Tempo,Training,Exchange to Gain a Tempo - Make It Automatic,52,"What is their best recapture, and what can I do immediately after it?",Trade when the forced recapture places an enemy piece awkwardly or lets you improve with tempo.
541,11,"Exchanges, Imbalances, and Simplification",9,Distinguish Liquidation from Simplification,Core Advice,Distinguish Liquidation from Simplification - The Rule,54,"Am I reducing danger, changing the structure, or both?",Liquidation transforms material or structure; simplification reduces tactical complexity. Name which you need.
542,11,"Exchanges, Imbalances, and Simplification",9,Distinguish Liquidation from Simplification,Recognition,Distinguish Liquidation from Simplification - How to Notice It,55,"Am I reducing danger, changing the structure, or both?",Liquidation transforms material or structure; simplification reduces tactical complexity. Name which you need.
543,11,"Exchanges, Imbalances, and Simplification",9,Distinguish Liquidation from Simplification,Board Use,Distinguish Liquidation from Simplification - Use It at the Board,56,"Am I reducing danger, changing the structure, or both?",Liquidation transforms material or structure; simplification reduces tactical complexity. Name which you need.
544,11,"Exchanges, Imbalances, and Simplification",9,Distinguish Liquidation from Simplification,Exceptions,Distinguish Liquidation from Simplification - Know When to Break It,57,What exact feature would justify breaking this advice here?,Liquidation transforms material or structure; simplification reduces tactical complexity. Name which you need.
545,11,"Exchanges, Imbalances, and Simplification",9,Distinguish Liquidation from Simplification,Training,Distinguish Liquidation from Simplification - Make It Automatic,58,"Am I reducing danger, changing the structure, or both?",Liquidation transforms material or structure; simplification reduces tactical complexity. Name which you need.
546,11,"Exchanges, Imbalances, and Simplification",10,Preserve Imbalances You Can Exploit,Core Advice,Preserve Imbalances You Can Exploit - The Rule,60,Which imbalance is my source of progress?,"Keep the bishop pair, space, outpost, active rook, or safer king when it gives you a usable plan."
547,11,"Exchanges, Imbalances, and Simplification",10,Preserve Imbalances You Can Exploit,Recognition,Preserve Imbalances You Can Exploit - How to Notice It,61,Which imbalance is my source of progress?,"Keep the bishop pair, space, outpost, active rook, or safer king when it gives you a usable plan."
548,11,"Exchanges, Imbalances, and Simplification",10,Preserve Imbalances You Can Exploit,Board Use,Preserve Imbalances You Can Exploit - Use It at the Board,62,Which imbalance is my source of progress?,"Keep the bishop pair, space, outpost, active rook, or safer king when it gives you a usable plan."
549,11,"Exchanges, Imbalances, and Simplification",10,Preserve Imbalances You Can Exploit,Exceptions,Preserve Imbalances You Can Exploit - Know When to Break It,63,What exact feature would justify breaking this advice here?,"Keep the bishop pair, space, outpost, active rook, or safer king when it gives you a usable plan."
550,11,"Exchanges, Imbalances, and Simplification",10,Preserve Imbalances You Can Exploit,Training,Preserve Imbalances You Can Exploit - Make It Automatic,64,Which imbalance is my source of progress?,"Keep the bishop pair, space, outpost, active rook, or safer king when it gives you a usable plan."
551,12,Attacking with Justification,1,Earn the Right to Attack,Core Advice,Earn the Right to Attack - The Rule,6,What concrete advantage supports this attack?,"Attack when you have superior force, space, lines, targets, or a safer center."
552,12,Attacking with Justification,1,Earn the Right to Attack,Recognition,Earn the Right to Attack - How to Notice It,7,What concrete advantage supports this attack?,"Attack when you have superior force, space, lines, targets, or a safer center."
553,12,Attacking with Justification,1,Earn the Right to Attack,Board Use,Earn the Right to Attack - Use It at the Board,8,What concrete advantage supports this attack?,"Attack when you have superior force, space, lines, targets, or a safer center."
554,12,Attacking with Justification,1,Earn the Right to Attack,Exceptions,Earn the Right to Attack - Know When to Break It,9,What exact feature would justify breaking this advice here?,"Attack when you have superior force, space, lines, targets, or a safer center."
555,12,Attacking with Justification,1,Earn the Right to Attack,Training,Earn the Right to Attack - Make It Automatic,10,What concrete advantage supports this attack?,"Attack when you have superior force, space, lines, targets, or a safer center."
556,12,Attacking with Justification,2,Bring the Least Active Attacker,Core Advice,Bring the Least Active Attacker - The Rule,12,Which piece can join with the greatest gain?,Improve the piece furthest from the king zone before sacrificing more material.
557,12,Attacking with Justification,2,Bring the Least Active Attacker,Recognition,Bring the Least Active Attacker - How to Notice It,13,Which piece can join with the greatest gain?,Improve the piece furthest from the king zone before sacrificing more material.
558,12,Attacking with Justification,2,Bring the Least Active Attacker,Board Use,Bring the Least Active Attacker - Use It at the Board,14,Which piece can join with the greatest gain?,Improve the piece furthest from the king zone before sacrificing more material.
559,12,Attacking with Justification,2,Bring the Least Active Attacker,Exceptions,Bring the Least Active Attacker - Know When to Break It,15,What exact feature would justify breaking this advice here?,Improve the piece furthest from the king zone before sacrificing more material.
560,12,Attacking with Justification,2,Bring the Least Active Attacker,Training,Bring the Least Active Attacker - Make It Automatic,16,Which piece can join with the greatest gain?,Improve the piece furthest from the king zone before sacrificing more material.
561,12,Attacking with Justification,3,Open Lines Toward the King,Core Advice,Open Lines Toward the King - The Rule,18,Who controls the new line after it opens?,"Use breaks, exchanges, and sacrifices to create files and diagonals that your pieces can occupy."
562,12,Attacking with Justification,3,Open Lines Toward the King,Recognition,Open Lines Toward the King - How to Notice It,19,Who controls the new line after it opens?,"Use breaks, exchanges, and sacrifices to create files and diagonals that your pieces can occupy."
563,12,Attacking with Justification,3,Open Lines Toward the King,Board Use,Open Lines Toward the King - Use It at the Board,20,Who controls the new line after it opens?,"Use breaks, exchanges, and sacrifices to create files and diagonals that your pieces can occupy."
564,12,Attacking with Justification,3,Open Lines Toward the King,Exceptions,Open Lines Toward the King - Know When to Break It,21,What exact feature would justify breaking this advice here?,"Use breaks, exchanges, and sacrifices to create files and diagonals that your pieces can occupy."
565,12,Attacking with Justification,3,Open Lines Toward the King,Training,Open Lines Toward the King - Make It Automatic,22,Who controls the new line after it opens?,"Use breaks, exchanges, and sacrifices to create files and diagonals that your pieces can occupy."
566,12,Attacking with Justification,4,Remove the Best Defender,Core Advice,Remove the Best Defender - The Rule,24,Which defender makes all my direct lines fail?,"Exchange, deflect, pin, or overload the piece that controls escape squares or blocks entry."
567,12,Attacking with Justification,4,Remove the Best Defender,Recognition,Remove the Best Defender - How to Notice It,25,Which defender makes all my direct lines fail?,"Exchange, deflect, pin, or overload the piece that controls escape squares or blocks entry."
568,12,Attacking with Justification,4,Remove the Best Defender,Board Use,Remove the Best Defender - Use It at the Board,26,Which defender makes all my direct lines fail?,"Exchange, deflect, pin, or overload the piece that controls escape squares or blocks entry."
569,12,Attacking with Justification,4,Remove the Best Defender,Exceptions,Remove the Best Defender - Know When to Break It,27,What exact feature would justify breaking this advice here?,"Exchange, deflect, pin, or overload the piece that controls escape squares or blocks entry."
570,12,Attacking with Justification,4,Remove the Best Defender,Training,Remove the Best Defender - Make It Automatic,28,Which defender makes all my direct lines fail?,"Exchange, deflect, pin, or overload the piece that controls escape squares or blocks entry."
571,12,Attacking with Justification,5,Create More Than One Threat,Core Advice,Create More Than One Threat - The Rule,30,What two problems must the opponent solve after this move?,"Prefer moves that combine mate, material gain, entry, or restriction."
572,12,Attacking with Justification,5,Create More Than One Threat,Recognition,Create More Than One Threat - How to Notice It,31,What two problems must the opponent solve after this move?,"Prefer moves that combine mate, material gain, entry, or restriction."
573,12,Attacking with Justification,5,Create More Than One Threat,Board Use,Create More Than One Threat - Use It at the Board,32,What two problems must the opponent solve after this move?,"Prefer moves that combine mate, material gain, entry, or restriction."
574,12,Attacking with Justification,5,Create More Than One Threat,Exceptions,Create More Than One Threat - Know When to Break It,33,What exact feature would justify breaking this advice here?,"Prefer moves that combine mate, material gain, entry, or restriction."
575,12,Attacking with Justification,5,Create More Than One Threat,Training,Create More Than One Threat - Make It Automatic,34,What two problems must the opponent solve after this move?,"Prefer moves that combine mate, material gain, entry, or restriction."
576,12,Attacking with Justification,6,Count Escape Squares Before Checks,Core Advice,Count Escape Squares Before Checks - The Rule,36,Does this check restrict the king or guide it to safety?,Map legal king moves and defensive interpositions before selecting a check.
577,12,Attacking with Justification,6,Count Escape Squares Before Checks,Recognition,Count Escape Squares Before Checks - How to Notice It,37,Does this check restrict the king or guide it to safety?,Map legal king moves and defensive interpositions before selecting a check.
578,12,Attacking with Justification,6,Count Escape Squares Before Checks,Board Use,Count Escape Squares Before Checks - Use It at the Board,38,Does this check restrict the king or guide it to safety?,Map legal king moves and defensive interpositions before selecting a check.
579,12,Attacking with Justification,6,Count Escape Squares Before Checks,Exceptions,Count Escape Squares Before Checks - Know When to Break It,39,What exact feature would justify breaking this advice here?,Map legal king moves and defensive interpositions before selecting a check.
580,12,Attacking with Justification,6,Count Escape Squares Before Checks,Training,Count Escape Squares Before Checks - Make It Automatic,40,Does this check restrict the king or guide it to safety?,Map legal king moves and defensive interpositions before selecting a check.
581,12,Attacking with Justification,7,Use Pawn Storms with a Closed Center,Core Advice,Use Pawn Storms with a Closed Center - The Rule,42,Can the opponent open the center faster than I open the wing?,Advance wing pawns when the center cannot open against your own king and pieces support the contact.
582,12,Attacking with Justification,7,Use Pawn Storms with a Closed Center,Recognition,Use Pawn Storms with a Closed Center - How to Notice It,43,Can the opponent open the center faster than I open the wing?,Advance wing pawns when the center cannot open against your own king and pieces support the contact.
583,12,Attacking with Justification,7,Use Pawn Storms with a Closed Center,Board Use,Use Pawn Storms with a Closed Center - Use It at the Board,44,Can the opponent open the center faster than I open the wing?,Advance wing pawns when the center cannot open against your own king and pieces support the contact.
584,12,Attacking with Justification,7,Use Pawn Storms with a Closed Center,Exceptions,Use Pawn Storms with a Closed Center - Know When to Break It,45,What exact feature would justify breaking this advice here?,Advance wing pawns when the center cannot open against your own king and pieces support the contact.
585,12,Attacking with Justification,7,Use Pawn Storms with a Closed Center,Training,Use Pawn Storms with a Closed Center - Make It Automatic,46,Can the opponent open the center faster than I open the wing?,Advance wing pawns when the center cannot open against your own king and pieces support the contact.
586,12,Attacking with Justification,8,Keep Your Own King in the Calculation,Core Advice,Keep Your Own King in the Calculation - The Rule,48,What is their strongest forcing move against my king?,"Check counterchecks, queen trades, and central breaks before committing attackers."
587,12,Attacking with Justification,8,Keep Your Own King in the Calculation,Recognition,Keep Your Own King in the Calculation - How to Notice It,49,What is their strongest forcing move against my king?,"Check counterchecks, queen trades, and central breaks before committing attackers."
588,12,Attacking with Justification,8,Keep Your Own King in the Calculation,Board Use,Keep Your Own King in the Calculation - Use It at the Board,50,What is their strongest forcing move against my king?,"Check counterchecks, queen trades, and central breaks before committing attackers."
589,12,Attacking with Justification,8,Keep Your Own King in the Calculation,Exceptions,Keep Your Own King in the Calculation - Know When to Break It,51,What exact feature would justify breaking this advice here?,"Check counterchecks, queen trades, and central breaks before committing attackers."
590,12,Attacking with Justification,8,Keep Your Own King in the Calculation,Training,Keep Your Own King in the Calculation - Make It Automatic,52,What is their strongest forcing move against my king?,"Check counterchecks, queen trades, and central breaks before committing attackers."
591,12,Attacking with Justification,9,Convert Pressure When the Attack Stalls,Core Advice,Convert Pressure When the Attack Stalls - The Rule,54,What lasting gain has the attack already earned?,"Take material, enter a favorable ending, or secure a structural gain when direct mate is no longer justified."
592,12,Attacking with Justification,9,Convert Pressure When the Attack Stalls,Recognition,Convert Pressure When the Attack Stalls - How to Notice It,55,What lasting gain has the attack already earned?,"Take material, enter a favorable ending, or secure a structural gain when direct mate is no longer justified."
593,12,Attacking with Justification,9,Convert Pressure When the Attack Stalls,Board Use,Convert Pressure When the Attack Stalls - Use It at the Board,56,What lasting gain has the attack already earned?,"Take material, enter a favorable ending, or secure a structural gain when direct mate is no longer justified."
594,12,Attacking with Justification,9,Convert Pressure When the Attack Stalls,Exceptions,Convert Pressure When the Attack Stalls - Know When to Break It,57,What exact feature would justify breaking this advice here?,"Take material, enter a favorable ending, or secure a structural gain when direct mate is no longer justified."
595,12,Attacking with Justification,9,Convert Pressure When the Attack Stalls,Training,Convert Pressure When the Attack Stalls - Make It Automatic,58,What lasting gain has the attack already earned?,"Take material, enter a favorable ending, or secure a structural gain when direct mate is no longer justified."
596,12,Attacking with Justification,10,Sacrifice for Specific Compensation,Core Advice,Sacrifice for Specific Compensation - The Rule,60,"What do I receive immediately, and what remains if the attack is defended?","Name the lines, king exposure, tempi, piece activity, or forced recovery that justify material investment."
597,12,Attacking with Justification,10,Sacrifice for Specific Compensation,Recognition,Sacrifice for Specific Compensation - How to Notice It,61,"What do I receive immediately, and what remains if the attack is defended?","Name the lines, king exposure, tempi, piece activity, or forced recovery that justify material investment."
598,12,Attacking with Justification,10,Sacrifice for Specific Compensation,Board Use,Sacrifice for Specific Compensation - Use It at the Board,62,"What do I receive immediately, and what remains if the attack is defended?","Name the lines, king exposure, tempi, piece activity, or forced recovery that justify material investment."
599,12,Attacking with Justification,10,Sacrifice for Specific Compensation,Exceptions,Sacrifice for Specific Compensation - Know When to Break It,63,What exact feature would justify breaking this advice here?,"Name the lines, king exposure, tempi, piece activity, or forced recovery that justify material investment."
600,12,Attacking with Justification,10,Sacrifice for Specific Compensation,Training,Sacrifice for Specific Compensation - Make It Automatic,64,"What do I receive immediately, and what remains if the attack is defended?","Name the lines, king exposure, tempi, piece activity, or forced recovery that justify material investment."
601,13,Defense and Prophylaxis,1,Name the Threat Precisely,Core Advice,Name the Threat Precisely - The Rule,6,What happens if I pass?,"State what the opponent will do, where, and with what consequence."
602,13,Defense and Prophylaxis,1,Name the Threat Precisely,Recognition,Name the Threat Precisely - How to Notice It,7,What happens if I pass?,"State what the opponent will do, where, and with what consequence."
603,13,Defense and Prophylaxis,1,Name the Threat Precisely,Board Use,Name the Threat Precisely - Use It at the Board,8,What happens if I pass?,"State what the opponent will do, where, and with what consequence."
604,13,Defense and Prophylaxis,1,Name the Threat Precisely,Exceptions,Name the Threat Precisely - Know When to Break It,9,What exact feature would justify breaking this advice here?,"State what the opponent will do, where, and with what consequence."
605,13,Defense and Prophylaxis,1,Name the Threat Precisely,Training,Name the Threat Precisely - Make It Automatic,10,What happens if I pass?,"State what the opponent will do, where, and with what consequence."
606,13,Defense and Prophylaxis,2,Seek Active Defense First,Core Advice,Seek Active Defense First - The Rule,12,Can I create a problem they must answer now?,"Consider counterattack, exchange, central break, and forcing moves before passive protection."
607,13,Defense and Prophylaxis,2,Seek Active Defense First,Recognition,Seek Active Defense First - How to Notice It,13,Can I create a problem they must answer now?,"Consider counterattack, exchange, central break, and forcing moves before passive protection."
608,13,Defense and Prophylaxis,2,Seek Active Defense First,Board Use,Seek Active Defense First - Use It at the Board,14,Can I create a problem they must answer now?,"Consider counterattack, exchange, central break, and forcing moves before passive protection."
609,13,Defense and Prophylaxis,2,Seek Active Defense First,Exceptions,Seek Active Defense First - Know When to Break It,15,What exact feature would justify breaking this advice here?,"Consider counterattack, exchange, central break, and forcing moves before passive protection."
610,13,Defense and Prophylaxis,2,Seek Active Defense First,Training,Seek Active Defense First - Make It Automatic,16,Can I create a problem they must answer now?,"Consider counterattack, exchange, central break, and forcing moves before passive protection."
611,13,Defense and Prophylaxis,3,Trade the Key Attacker,Core Advice,Trade the Key Attacker - The Rule,18,Which enemy piece gives the attack its coherence?,"Exchange the unit that supplies checks, controls escapes, or supports the break."
612,13,Defense and Prophylaxis,3,Trade the Key Attacker,Recognition,Trade the Key Attacker - How to Notice It,19,Which enemy piece gives the attack its coherence?,"Exchange the unit that supplies checks, controls escapes, or supports the break."
613,13,Defense and Prophylaxis,3,Trade the Key Attacker,Board Use,Trade the Key Attacker - Use It at the Board,20,Which enemy piece gives the attack its coherence?,"Exchange the unit that supplies checks, controls escapes, or supports the break."
614,13,Defense and Prophylaxis,3,Trade the Key Attacker,Exceptions,Trade the Key Attacker - Know When to Break It,21,What exact feature would justify breaking this advice here?,"Exchange the unit that supplies checks, controls escapes, or supports the break."
615,13,Defense and Prophylaxis,3,Trade the Key Attacker,Training,Trade the Key Attacker - Make It Automatic,22,Which enemy piece gives the attack its coherence?,"Exchange the unit that supplies checks, controls escapes, or supports the break."
616,13,Defense and Prophylaxis,4,Return Material to Kill Momentum,Core Advice,Return Material to Kill Momentum - The Rule,24,What is the cheapest concession that ends the attack?,"Give back part of an advantage to remove attackers, close lines, or reach a safe ending."
617,13,Defense and Prophylaxis,4,Return Material to Kill Momentum,Recognition,Return Material to Kill Momentum - How to Notice It,25,What is the cheapest concession that ends the attack?,"Give back part of an advantage to remove attackers, close lines, or reach a safe ending."
618,13,Defense and Prophylaxis,4,Return Material to Kill Momentum,Board Use,Return Material to Kill Momentum - Use It at the Board,26,What is the cheapest concession that ends the attack?,"Give back part of an advantage to remove attackers, close lines, or reach a safe ending."
619,13,Defense and Prophylaxis,4,Return Material to Kill Momentum,Exceptions,Return Material to Kill Momentum - Know When to Break It,27,What exact feature would justify breaking this advice here?,"Give back part of an advantage to remove attackers, close lines, or reach a safe ending."
620,13,Defense and Prophylaxis,4,Return Material to Kill Momentum,Training,Return Material to Kill Momentum - Make It Automatic,28,What is the cheapest concession that ends the attack?,"Give back part of an advantage to remove attackers, close lines, or reach a safe ending."
621,13,Defense and Prophylaxis,5,Create an Escape Square at the Right Time,Core Advice,Create an Escape Square at the Right Time - The Rule,30,Which checking pattern disappears after this pawn move?,Give the king useful luft when back-rank tactics are real and the pawn move does not create larger holes.
622,13,Defense and Prophylaxis,5,Create an Escape Square at the Right Time,Recognition,Create an Escape Square at the Right Time - How to Notice It,31,Which checking pattern disappears after this pawn move?,Give the king useful luft when back-rank tactics are real and the pawn move does not create larger holes.
623,13,Defense and Prophylaxis,5,Create an Escape Square at the Right Time,Board Use,Create an Escape Square at the Right Time - Use It at the Board,32,Which checking pattern disappears after this pawn move?,Give the king useful luft when back-rank tactics are real and the pawn move does not create larger holes.
624,13,Defense and Prophylaxis,5,Create an Escape Square at the Right Time,Exceptions,Create an Escape Square at the Right Time - Know When to Break It,33,What exact feature would justify breaking this advice here?,Give the king useful luft when back-rank tactics are real and the pawn move does not create larger holes.
625,13,Defense and Prophylaxis,5,Create an Escape Square at the Right Time,Training,Create an Escape Square at the Right Time - Make It Automatic,34,Which checking pattern disappears after this pawn move?,Give the king useful luft when back-rank tactics are real and the pawn move does not create larger holes.
626,13,Defense and Prophylaxis,6,Block the Attacker's Best Line,Core Advice,Block the Attacker's Best Line - The Rule,36,Can the line be closed more cheaply than the target can be defended?,"Use a piece, pawn, or exchange to close the file or diagonal that carries force."
627,13,Defense and Prophylaxis,6,Block the Attacker's Best Line,Recognition,Block the Attacker's Best Line - How to Notice It,37,Can the line be closed more cheaply than the target can be defended?,"Use a piece, pawn, or exchange to close the file or diagonal that carries force."
628,13,Defense and Prophylaxis,6,Block the Attacker's Best Line,Board Use,Block the Attacker's Best Line - Use It at the Board,38,Can the line be closed more cheaply than the target can be defended?,"Use a piece, pawn, or exchange to close the file or diagonal that carries force."
629,13,Defense and Prophylaxis,6,Block the Attacker's Best Line,Exceptions,Block the Attacker's Best Line - Know When to Break It,39,What exact feature would justify breaking this advice here?,"Use a piece, pawn, or exchange to close the file or diagonal that carries force."
630,13,Defense and Prophylaxis,6,Block the Attacker's Best Line,Training,Block the Attacker's Best Line - Make It Automatic,40,Can the line be closed more cheaply than the target can be defended?,"Use a piece, pawn, or exchange to close the file or diagonal that carries force."
631,13,Defense and Prophylaxis,7,Give the King a Flight Route,Core Advice,Give the King a Flight Route - The Rule,42,Where will the king be safe two moves later?,Plan not only one escape square but a route away from checks and mating nets.
632,13,Defense and Prophylaxis,7,Give the King a Flight Route,Recognition,Give the King a Flight Route - How to Notice It,43,Where will the king be safe two moves later?,Plan not only one escape square but a route away from checks and mating nets.
633,13,Defense and Prophylaxis,7,Give the King a Flight Route,Board Use,Give the King a Flight Route - Use It at the Board,44,Where will the king be safe two moves later?,Plan not only one escape square but a route away from checks and mating nets.
634,13,Defense and Prophylaxis,7,Give the King a Flight Route,Exceptions,Give the King a Flight Route - Know When to Break It,45,What exact feature would justify breaking this advice here?,Plan not only one escape square but a route away from checks and mating nets.
635,13,Defense and Prophylaxis,7,Give the King a Flight Route,Training,Give the King a Flight Route - Make It Automatic,46,Where will the king be safe two moves later?,Plan not only one escape square but a route away from checks and mating nets.
636,13,Defense and Prophylaxis,8,Make Prophylaxis Improve Something,Core Advice,Make Prophylaxis Improve Something - The Rule,48,Can I stop their idea while advancing mine?,"Prefer preventive moves that also develop, centralize, create luft, or prepare your plan."
637,13,Defense and Prophylaxis,8,Make Prophylaxis Improve Something,Recognition,Make Prophylaxis Improve Something - How to Notice It,49,Can I stop their idea while advancing mine?,"Prefer preventive moves that also develop, centralize, create luft, or prepare your plan."
638,13,Defense and Prophylaxis,8,Make Prophylaxis Improve Something,Board Use,Make Prophylaxis Improve Something - Use It at the Board,50,Can I stop their idea while advancing mine?,"Prefer preventive moves that also develop, centralize, create luft, or prepare your plan."
639,13,Defense and Prophylaxis,8,Make Prophylaxis Improve Something,Exceptions,Make Prophylaxis Improve Something - Know When to Break It,51,What exact feature would justify breaking this advice here?,"Prefer preventive moves that also develop, centralize, create luft, or prepare your plan."
640,13,Defense and Prophylaxis,8,Make Prophylaxis Improve Something,Training,Make Prophylaxis Improve Something - Make It Automatic,52,Can I stop their idea while advancing mine?,"Prefer preventive moves that also develop, centralize, create luft, or prepare your plan."
641,13,Defense and Prophylaxis,9,"Defend the Entry Square, Not Every Target",Core Advice,"Defend the Entry Square, Not Every Target - The Rule",54,Where must the enemy piece arrive to make the threat real?,Control the square or line through which the opponent must penetrate.
642,13,Defense and Prophylaxis,9,"Defend the Entry Square, Not Every Target",Recognition,"Defend the Entry Square, Not Every Target - How to Notice It",55,Where must the enemy piece arrive to make the threat real?,Control the square or line through which the opponent must penetrate.
643,13,Defense and Prophylaxis,9,"Defend the Entry Square, Not Every Target",Board Use,"Defend the Entry Square, Not Every Target - Use It at the Board",56,Where must the enemy piece arrive to make the threat real?,Control the square or line through which the opponent must penetrate.
644,13,Defense and Prophylaxis,9,"Defend the Entry Square, Not Every Target",Exceptions,"Defend the Entry Square, Not Every Target - Know When to Break It",57,What exact feature would justify breaking this advice here?,Control the square or line through which the opponent must penetrate.
645,13,Defense and Prophylaxis,9,"Defend the Entry Square, Not Every Target",Training,"Defend the Entry Square, Not Every Target - Make It Automatic",58,Where must the enemy piece arrive to make the threat real?,Control the square or line through which the opponent must penetrate.
646,13,Defense and Prophylaxis,10,Reduce the Number of Problems,Core Advice,Reduce the Number of Problems - The Rule,60,Which move leaves me with the fewest urgent tasks next turn?,"Choose a defense that removes threats and simplifies future decisions, even if it concedes something small."
647,13,Defense and Prophylaxis,10,Reduce the Number of Problems,Recognition,Reduce the Number of Problems - How to Notice It,61,Which move leaves me with the fewest urgent tasks next turn?,"Choose a defense that removes threats and simplifies future decisions, even if it concedes something small."
648,13,Defense and Prophylaxis,10,Reduce the Number of Problems,Board Use,Reduce the Number of Problems - Use It at the Board,62,Which move leaves me with the fewest urgent tasks next turn?,"Choose a defense that removes threats and simplifies future decisions, even if it concedes something small."
649,13,Defense and Prophylaxis,10,Reduce the Number of Problems,Exceptions,Reduce the Number of Problems - Know When to Break It,63,What exact feature would justify breaking this advice here?,"Choose a defense that removes threats and simplifies future decisions, even if it concedes something small."
650,13,Defense and Prophylaxis,10,Reduce the Number of Problems,Training,Reduce the Number of Problems - Make It Automatic,64,Which move leaves me with the fewest urgent tasks next turn?,"Choose a defense that removes threats and simplifies future decisions, even if it concedes something small."
651,14,Planning and Position Transitions,1,Build Plans from Imbalances,Core Advice,Build Plans from Imbalances - The Rule,6,Which imbalance can I improve or exploit?,"Base plans on material, king safety, activity, structure, space, and weak squares."
652,14,Planning and Position Transitions,1,Build Plans from Imbalances,Recognition,Build Plans from Imbalances - How to Notice It,7,Which imbalance can I improve or exploit?,"Base plans on material, king safety, activity, structure, space, and weak squares."
653,14,Planning and Position Transitions,1,Build Plans from Imbalances,Board Use,Build Plans from Imbalances - Use It at the Board,8,Which imbalance can I improve or exploit?,"Base plans on material, king safety, activity, structure, space, and weak squares."
654,14,Planning and Position Transitions,1,Build Plans from Imbalances,Exceptions,Build Plans from Imbalances - Know When to Break It,9,What exact feature would justify breaking this advice here?,"Base plans on material, king safety, activity, structure, space, and weak squares."
655,14,Planning and Position Transitions,1,Build Plans from Imbalances,Training,Build Plans from Imbalances - Make It Automatic,10,Which imbalance can I improve or exploit?,"Base plans on material, king safety, activity, structure, space, and weak squares."
656,14,Planning and Position Transitions,2,Choose a Target Position,Core Advice,Choose a Target Position - The Rule,12,What would the improved version of this position look like?,Describe the piece placement or structure you want before selecting a route.
657,14,Planning and Position Transitions,2,Choose a Target Position,Recognition,Choose a Target Position - How to Notice It,13,What would the improved version of this position look like?,Describe the piece placement or structure you want before selecting a route.
658,14,Planning and Position Transitions,2,Choose a Target Position,Board Use,Choose a Target Position - Use It at the Board,14,What would the improved version of this position look like?,Describe the piece placement or structure you want before selecting a route.
659,14,Planning and Position Transitions,2,Choose a Target Position,Exceptions,Choose a Target Position - Know When to Break It,15,What exact feature would justify breaking this advice here?,Describe the piece placement or structure you want before selecting a route.
660,14,Planning and Position Transitions,2,Choose a Target Position,Training,Choose a Target Position - Make It Automatic,16,What would the improved version of this position look like?,Describe the piece placement or structure you want before selecting a route.
661,14,Planning and Position Transitions,3,Plan in Short Units,Core Advice,Plan in Short Units - The Rule,18,"What is my next small improvement, not my ten-move fantasy?","Think two or three moves toward a clear goal, then reassess."
662,14,Planning and Position Transitions,3,Plan in Short Units,Recognition,Plan in Short Units - How to Notice It,19,"What is my next small improvement, not my ten-move fantasy?","Think two or three moves toward a clear goal, then reassess."
663,14,Planning and Position Transitions,3,Plan in Short Units,Board Use,Plan in Short Units - Use It at the Board,20,"What is my next small improvement, not my ten-move fantasy?","Think two or three moves toward a clear goal, then reassess."
664,14,Planning and Position Transitions,3,Plan in Short Units,Exceptions,Plan in Short Units - Know When to Break It,21,What exact feature would justify breaking this advice here?,"Think two or three moves toward a clear goal, then reassess."
665,14,Planning and Position Transitions,3,Plan in Short Units,Training,Plan in Short Units - Make It Automatic,22,"What is my next small improvement, not my ten-move fantasy?","Think two or three moves toward a clear goal, then reassess."
666,14,Planning and Position Transitions,4,Prepare the Transformation,Core Advice,Prepare the Transformation - The Rule,24,Who is better placed for the position after the change?,"Improve pieces before a break, exchange, or sacrifice that changes the structure."
667,14,Planning and Position Transitions,4,Prepare the Transformation,Recognition,Prepare the Transformation - How to Notice It,25,Who is better placed for the position after the change?,"Improve pieces before a break, exchange, or sacrifice that changes the structure."
668,14,Planning and Position Transitions,4,Prepare the Transformation,Board Use,Prepare the Transformation - Use It at the Board,26,Who is better placed for the position after the change?,"Improve pieces before a break, exchange, or sacrifice that changes the structure."
669,14,Planning and Position Transitions,4,Prepare the Transformation,Exceptions,Prepare the Transformation - Know When to Break It,27,What exact feature would justify breaking this advice here?,"Improve pieces before a break, exchange, or sacrifice that changes the structure."
670,14,Planning and Position Transitions,4,Prepare the Transformation,Training,Prepare the Transformation - Make It Automatic,28,Who is better placed for the position after the change?,"Improve pieces before a break, exchange, or sacrifice that changes the structure."
671,14,Planning and Position Transitions,5,Reassess After Pawn Moves and Exchanges,Core Advice,Reassess After Pawn Moves and Exchanges - The Rule,30,Which old assumption is no longer true?,Treat every structural change as a new planning position.
672,14,Planning and Position Transitions,5,Reassess After Pawn Moves and Exchanges,Recognition,Reassess After Pawn Moves and Exchanges - How to Notice It,31,Which old assumption is no longer true?,Treat every structural change as a new planning position.
673,14,Planning and Position Transitions,5,Reassess After Pawn Moves and Exchanges,Board Use,Reassess After Pawn Moves and Exchanges - Use It at the Board,32,Which old assumption is no longer true?,Treat every structural change as a new planning position.
674,14,Planning and Position Transitions,5,Reassess After Pawn Moves and Exchanges,Exceptions,Reassess After Pawn Moves and Exchanges - Know When to Break It,33,What exact feature would justify breaking this advice here?,Treat every structural change as a new planning position.
675,14,Planning and Position Transitions,5,Reassess After Pawn Moves and Exchanges,Training,Reassess After Pawn Moves and Exchanges - Make It Automatic,34,Which old assumption is no longer true?,Treat every structural change as a new planning position.
676,14,Planning and Position Transitions,6,Use the Opponent's Plan as a Clock,Core Advice,Use the Opponent's Plan as a Clock - The Rule,36,How many useful moves do I truly have?,"Estimate how many moves remain before their break, invasion, or regrouping becomes effective."
677,14,Planning and Position Transitions,6,Use the Opponent's Plan as a Clock,Recognition,Use the Opponent's Plan as a Clock - How to Notice It,37,How many useful moves do I truly have?,"Estimate how many moves remain before their break, invasion, or regrouping becomes effective."
678,14,Planning and Position Transitions,6,Use the Opponent's Plan as a Clock,Board Use,Use the Opponent's Plan as a Clock - Use It at the Board,38,How many useful moves do I truly have?,"Estimate how many moves remain before their break, invasion, or regrouping becomes effective."
679,14,Planning and Position Transitions,6,Use the Opponent's Plan as a Clock,Exceptions,Use the Opponent's Plan as a Clock - Know When to Break It,39,What exact feature would justify breaking this advice here?,"Estimate how many moves remain before their break, invasion, or regrouping becomes effective."
680,14,Planning and Position Transitions,6,Use the Opponent's Plan as a Clock,Training,Use the Opponent's Plan as a Clock - Make It Automatic,40,How many useful moves do I truly have?,"Estimate how many moves remain before their break, invasion, or regrouping becomes effective."
681,14,Planning and Position Transitions,7,Improve with Multipurpose Moves,Core Advice,Improve with Multipurpose Moves - The Rule,42,What second benefit does this move create?,"Prefer moves that strengthen more than one piece, square, or plan."
682,14,Planning and Position Transitions,7,Improve with Multipurpose Moves,Recognition,Improve with Multipurpose Moves - How to Notice It,43,What second benefit does this move create?,"Prefer moves that strengthen more than one piece, square, or plan."
683,14,Planning and Position Transitions,7,Improve with Multipurpose Moves,Board Use,Improve with Multipurpose Moves - Use It at the Board,44,What second benefit does this move create?,"Prefer moves that strengthen more than one piece, square, or plan."
684,14,Planning and Position Transitions,7,Improve with Multipurpose Moves,Exceptions,Improve with Multipurpose Moves - Know When to Break It,45,What exact feature would justify breaking this advice here?,"Prefer moves that strengthen more than one piece, square, or plan."
685,14,Planning and Position Transitions,7,Improve with Multipurpose Moves,Training,Improve with Multipurpose Moves - Make It Automatic,46,What second benefit does this move create?,"Prefer moves that strengthen more than one piece, square, or plan."
686,14,Planning and Position Transitions,8,Keep an Exit Ramp,Core Advice,Keep an Exit Ramp - The Rule,48,"If they stop my first idea, what useful position remains?","Before committing, know how you will consolidate, simplify, or switch wings if the plan is blocked."
687,14,Planning and Position Transitions,8,Keep an Exit Ramp,Recognition,Keep an Exit Ramp - How to Notice It,49,"If they stop my first idea, what useful position remains?","Before committing, know how you will consolidate, simplify, or switch wings if the plan is blocked."
688,14,Planning and Position Transitions,8,Keep an Exit Ramp,Board Use,Keep an Exit Ramp - Use It at the Board,50,"If they stop my first idea, what useful position remains?","Before committing, know how you will consolidate, simplify, or switch wings if the plan is blocked."
689,14,Planning and Position Transitions,8,Keep an Exit Ramp,Exceptions,Keep an Exit Ramp - Know When to Break It,51,What exact feature would justify breaking this advice here?,"Before committing, know how you will consolidate, simplify, or switch wings if the plan is blocked."
690,14,Planning and Position Transitions,8,Keep an Exit Ramp,Training,Keep an Exit Ramp - Make It Automatic,52,"If they stop my first idea, what useful position remains?","Before committing, know how you will consolidate, simplify, or switch wings if the plan is blocked."
691,14,Planning and Position Transitions,9,Convert One Advantage into Another,Core Advice,Convert One Advantage into Another - The Rule,54,Which durable asset can replace my temporary one?,"Trade temporary initiative for material, space for an outpost, or structural pressure for a favorable ending."
692,14,Planning and Position Transitions,9,Convert One Advantage into Another,Recognition,Convert One Advantage into Another - How to Notice It,55,Which durable asset can replace my temporary one?,"Trade temporary initiative for material, space for an outpost, or structural pressure for a favorable ending."
693,14,Planning and Position Transitions,9,Convert One Advantage into Another,Board Use,Convert One Advantage into Another - Use It at the Board,56,Which durable asset can replace my temporary one?,"Trade temporary initiative for material, space for an outpost, or structural pressure for a favorable ending."
694,14,Planning and Position Transitions,9,Convert One Advantage into Another,Exceptions,Convert One Advantage into Another - Know When to Break It,57,What exact feature would justify breaking this advice here?,"Trade temporary initiative for material, space for an outpost, or structural pressure for a favorable ending."
695,14,Planning and Position Transitions,9,Convert One Advantage into Another,Training,Convert One Advantage into Another - Make It Automatic,58,Which durable asset can replace my temporary one?,"Trade temporary initiative for material, space for an outpost, or structural pressure for a favorable ending."
696,14,Planning and Position Transitions,10,Know When the Plan Is Finished,Core Advice,Know When the Plan Is Finished - The Rule,60,Has the problem I designed this plan to solve changed?,"Stop executing a plan once its target is achieved, impossible, or no longer relevant."
697,14,Planning and Position Transitions,10,Know When the Plan Is Finished,Recognition,Know When the Plan Is Finished - How to Notice It,61,Has the problem I designed this plan to solve changed?,"Stop executing a plan once its target is achieved, impossible, or no longer relevant."
698,14,Planning and Position Transitions,10,Know When the Plan Is Finished,Board Use,Know When the Plan Is Finished - Use It at the Board,62,Has the problem I designed this plan to solve changed?,"Stop executing a plan once its target is achieved, impossible, or no longer relevant."
699,14,Planning and Position Transitions,10,Know When the Plan Is Finished,Exceptions,Know When the Plan Is Finished - Know When to Break It,63,What exact feature would justify breaking this advice here?,"Stop executing a plan once its target is achieved, impossible, or no longer relevant."
700,14,Planning and Position Transitions,10,Know When the Plan Is Finished,Training,Know When the Plan Is Finished - Make It Automatic,64,Has the problem I designed this plan to solve changed?,"Stop executing a plan once its target is achieved, impossible, or no longer relevant."
701,15,Endgame Practical Wisdom,1,Activate the King Early,Core Advice,Activate the King Early - The Rule,6,"Is my king still a liability, or has it become a piece?",Centralize the king as soon as mating danger and tactical checks no longer dominate.
702,15,Endgame Practical Wisdom,1,Activate the King Early,Recognition,Activate the King Early - How to Notice It,7,"Is my king still a liability, or has it become a piece?",Centralize the king as soon as mating danger and tactical checks no longer dominate.
703,15,Endgame Practical Wisdom,1,Activate the King Early,Board Use,Activate the King Early - Use It at the Board,8,"Is my king still a liability, or has it become a piece?",Centralize the king as soon as mating danger and tactical checks no longer dominate.
704,15,Endgame Practical Wisdom,1,Activate the King Early,Exceptions,Activate the King Early - Know When to Break It,9,What exact feature would justify breaking this advice here?,Centralize the king as soon as mating danger and tactical checks no longer dominate.
705,15,Endgame Practical Wisdom,1,Activate the King Early,Training,Activate the King Early - Make It Automatic,10,"Is my king still a liability, or has it become a piece?",Centralize the king as soon as mating danger and tactical checks no longer dominate.
706,15,Endgame Practical Wisdom,2,Calculate Pawn Races to Promotion,Core Advice,Calculate Pawn Races to Promotion - The Rule,12,"Who promotes with check, and whose turn is it afterward?","Count exact moves, captures, checks, and promotion tempi rather than relying on distance."
707,15,Endgame Practical Wisdom,2,Calculate Pawn Races to Promotion,Recognition,Calculate Pawn Races to Promotion - How to Notice It,13,"Who promotes with check, and whose turn is it afterward?","Count exact moves, captures, checks, and promotion tempi rather than relying on distance."
708,15,Endgame Practical Wisdom,2,Calculate Pawn Races to Promotion,Board Use,Calculate Pawn Races to Promotion - Use It at the Board,14,"Who promotes with check, and whose turn is it afterward?","Count exact moves, captures, checks, and promotion tempi rather than relying on distance."
709,15,Endgame Practical Wisdom,2,Calculate Pawn Races to Promotion,Exceptions,Calculate Pawn Races to Promotion - Know When to Break It,15,What exact feature would justify breaking this advice here?,"Count exact moves, captures, checks, and promotion tempi rather than relying on distance."
710,15,Endgame Practical Wisdom,2,Calculate Pawn Races to Promotion,Training,Calculate Pawn Races to Promotion - Make It Automatic,16,"Who promotes with check, and whose turn is it afterward?","Count exact moves, captures, checks, and promotion tempi rather than relying on distance."
711,15,Endgame Practical Wisdom,3,Preserve Reserve Tempi,Core Advice,Preserve Reserve Tempi - The Rule,18,Which pawn move can I save for later?,Avoid unnecessary pawn moves that may later decide opposition or zugzwang.
712,15,Endgame Practical Wisdom,3,Preserve Reserve Tempi,Recognition,Preserve Reserve Tempi - How to Notice It,19,Which pawn move can I save for later?,Avoid unnecessary pawn moves that may later decide opposition or zugzwang.
713,15,Endgame Practical Wisdom,3,Preserve Reserve Tempi,Board Use,Preserve Reserve Tempi - Use It at the Board,20,Which pawn move can I save for later?,Avoid unnecessary pawn moves that may later decide opposition or zugzwang.
714,15,Endgame Practical Wisdom,3,Preserve Reserve Tempi,Exceptions,Preserve Reserve Tempi - Know When to Break It,21,What exact feature would justify breaking this advice here?,Avoid unnecessary pawn moves that may later decide opposition or zugzwang.
715,15,Endgame Practical Wisdom,3,Preserve Reserve Tempi,Training,Preserve Reserve Tempi - Make It Automatic,22,Which pawn move can I save for later?,Avoid unnecessary pawn moves that may later decide opposition or zugzwang.
716,15,Endgame Practical Wisdom,4,Put Rooks Behind Passed Pawns,Core Advice,Put Rooks Behind Passed Pawns - The Rule,24,"Does ""behind"" create activity, or am I following a slogan blindly?","Place the rook behind your passer to push it, or behind the enemy passer to restrain it when geometry allows."
717,15,Endgame Practical Wisdom,4,Put Rooks Behind Passed Pawns,Recognition,Put Rooks Behind Passed Pawns - How to Notice It,25,"Does ""behind"" create activity, or am I following a slogan blindly?","Place the rook behind your passer to push it, or behind the enemy passer to restrain it when geometry allows."
718,15,Endgame Practical Wisdom,4,Put Rooks Behind Passed Pawns,Board Use,Put Rooks Behind Passed Pawns - Use It at the Board,26,"Does ""behind"" create activity, or am I following a slogan blindly?","Place the rook behind your passer to push it, or behind the enemy passer to restrain it when geometry allows."
719,15,Endgame Practical Wisdom,4,Put Rooks Behind Passed Pawns,Exceptions,Put Rooks Behind Passed Pawns - Know When to Break It,27,What exact feature would justify breaking this advice here?,"Place the rook behind your passer to push it, or behind the enemy passer to restrain it when geometry allows."
720,15,Endgame Practical Wisdom,4,Put Rooks Behind Passed Pawns,Training,Put Rooks Behind Passed Pawns - Make It Automatic,28,"Does ""behind"" create activity, or am I following a slogan blindly?","Place the rook behind your passer to push it, or behind the enemy passer to restrain it when geometry allows."
721,15,Endgame Practical Wisdom,5,Keep the Rook Active,Core Advice,Keep the Rook Active - The Rule,30,Can my rook attack something while still controlling the passer?,"Prefer checking distance, attacks on pawns, and king restriction over passive pawn defense."
722,15,Endgame Practical Wisdom,5,Keep the Rook Active,Recognition,Keep the Rook Active - How to Notice It,31,Can my rook attack something while still controlling the passer?,"Prefer checking distance, attacks on pawns, and king restriction over passive pawn defense."
723,15,Endgame Practical Wisdom,5,Keep the Rook Active,Board Use,Keep the Rook Active - Use It at the Board,32,Can my rook attack something while still controlling the passer?,"Prefer checking distance, attacks on pawns, and king restriction over passive pawn defense."
724,15,Endgame Practical Wisdom,5,Keep the Rook Active,Exceptions,Keep the Rook Active - Know When to Break It,33,What exact feature would justify breaking this advice here?,"Prefer checking distance, attacks on pawns, and king restriction over passive pawn defense."
725,15,Endgame Practical Wisdom,5,Keep the Rook Active,Training,Keep the Rook Active - Make It Automatic,34,Can my rook attack something while still controlling the passer?,"Prefer checking distance, attacks on pawns, and king restriction over passive pawn defense."
726,15,Endgame Practical Wisdom,6,Do Not Rush Passed Pawns,Core Advice,Do Not Rush Passed Pawns - The Rule,36,What improves before the pawn crosses another rank?,Improve king and piece placement before pushing when the pawn can be blockaded.
727,15,Endgame Practical Wisdom,6,Do Not Rush Passed Pawns,Recognition,Do Not Rush Passed Pawns - How to Notice It,37,What improves before the pawn crosses another rank?,Improve king and piece placement before pushing when the pawn can be blockaded.
728,15,Endgame Practical Wisdom,6,Do Not Rush Passed Pawns,Board Use,Do Not Rush Passed Pawns - Use It at the Board,38,What improves before the pawn crosses another rank?,Improve king and piece placement before pushing when the pawn can be blockaded.
729,15,Endgame Practical Wisdom,6,Do Not Rush Passed Pawns,Exceptions,Do Not Rush Passed Pawns - Know When to Break It,39,What exact feature would justify breaking this advice here?,Improve king and piece placement before pushing when the pawn can be blockaded.
730,15,Endgame Practical Wisdom,6,Do Not Rush Passed Pawns,Training,Do Not Rush Passed Pawns - Make It Automatic,40,What improves before the pawn crosses another rank?,Improve king and piece placement before pushing when the pawn can be blockaded.
731,15,Endgame Practical Wisdom,7,Trade into Pawn Endings Only After Counting,Core Advice,Trade into Pawn Endings Only After Counting - The Rule,42,What is the exact result after the final exchange?,"Calculate king entry, opposition, races, and reserve tempi before exchanging the last piece."
732,15,Endgame Practical Wisdom,7,Trade into Pawn Endings Only After Counting,Recognition,Trade into Pawn Endings Only After Counting - How to Notice It,43,What is the exact result after the final exchange?,"Calculate king entry, opposition, races, and reserve tempi before exchanging the last piece."
733,15,Endgame Practical Wisdom,7,Trade into Pawn Endings Only After Counting,Board Use,Trade into Pawn Endings Only After Counting - Use It at the Board,44,What is the exact result after the final exchange?,"Calculate king entry, opposition, races, and reserve tempi before exchanging the last piece."
734,15,Endgame Practical Wisdom,7,Trade into Pawn Endings Only After Counting,Exceptions,Trade into Pawn Endings Only After Counting - Know When to Break It,45,What exact feature would justify breaking this advice here?,"Calculate king entry, opposition, races, and reserve tempi before exchanging the last piece."
735,15,Endgame Practical Wisdom,7,Trade into Pawn Endings Only After Counting,Training,Trade into Pawn Endings Only After Counting - Make It Automatic,46,What is the exact result after the final exchange?,"Calculate king entry, opposition, races, and reserve tempi before exchanging the last piece."
736,15,Endgame Practical Wisdom,8,Create Two Weaknesses,Core Advice,Create Two Weaknesses - The Rule,48,Can the defender hold both targets with one setup?,"When one target is fully defended, create a second on the other wing."
737,15,Endgame Practical Wisdom,8,Create Two Weaknesses,Recognition,Create Two Weaknesses - How to Notice It,49,Can the defender hold both targets with one setup?,"When one target is fully defended, create a second on the other wing."
738,15,Endgame Practical Wisdom,8,Create Two Weaknesses,Board Use,Create Two Weaknesses - Use It at the Board,50,Can the defender hold both targets with one setup?,"When one target is fully defended, create a second on the other wing."
739,15,Endgame Practical Wisdom,8,Create Two Weaknesses,Exceptions,Create Two Weaknesses - Know When to Break It,51,What exact feature would justify breaking this advice here?,"When one target is fully defended, create a second on the other wing."
740,15,Endgame Practical Wisdom,8,Create Two Weaknesses,Training,Create Two Weaknesses - Make It Automatic,52,Can the defender hold both targets with one setup?,"When one target is fully defended, create a second on the other wing."
741,15,Endgame Practical Wisdom,9,Use the Principle of Two Results,Core Advice,Use the Principle of Two Results - The Rule,54,Does this move keep the position safe while asking a real question?,"When winning is uncertain, preserve the win without allowing a loss through unnecessary risk."
742,15,Endgame Practical Wisdom,9,Use the Principle of Two Results,Recognition,Use the Principle of Two Results - How to Notice It,55,Does this move keep the position safe while asking a real question?,"When winning is uncertain, preserve the win without allowing a loss through unnecessary risk."
743,15,Endgame Practical Wisdom,9,Use the Principle of Two Results,Board Use,Use the Principle of Two Results - Use It at the Board,56,Does this move keep the position safe while asking a real question?,"When winning is uncertain, preserve the win without allowing a loss through unnecessary risk."
744,15,Endgame Practical Wisdom,9,Use the Principle of Two Results,Exceptions,Use the Principle of Two Results - Know When to Break It,57,What exact feature would justify breaking this advice here?,"When winning is uncertain, preserve the win without allowing a loss through unnecessary risk."
745,15,Endgame Practical Wisdom,9,Use the Principle of Two Results,Training,Use the Principle of Two Results - Make It Automatic,58,Does this move keep the position safe while asking a real question?,"When winning is uncertain, preserve the win without allowing a loss through unnecessary risk."
746,15,Endgame Practical Wisdom,10,Know the Essential Theoretical Positions,Core Advice,Know the Essential Theoretical Positions - The Rule,60,Which known position am I trying to reach or avoid?,"Master basic mates, key pawn endings, Lucena, Philidor, and common minor-piece rules."
747,15,Endgame Practical Wisdom,10,Know the Essential Theoretical Positions,Recognition,Know the Essential Theoretical Positions - How to Notice It,61,Which known position am I trying to reach or avoid?,"Master basic mates, key pawn endings, Lucena, Philidor, and common minor-piece rules."
748,15,Endgame Practical Wisdom,10,Know the Essential Theoretical Positions,Board Use,Know the Essential Theoretical Positions - Use It at the Board,62,Which known position am I trying to reach or avoid?,"Master basic mates, key pawn endings, Lucena, Philidor, and common minor-piece rules."
749,15,Endgame Practical Wisdom,10,Know the Essential Theoretical Positions,Exceptions,Know the Essential Theoretical Positions - Know When to Break It,63,What exact feature would justify breaking this advice here?,"Master basic mates, key pawn endings, Lucena, Philidor, and common minor-piece rules."
750,15,Endgame Practical Wisdom,10,Know the Essential Theoretical Positions,Training,Know the Essential Theoretical Positions - Make It Automatic,64,Which known position am I trying to reach or avoid?,"Master basic mates, key pawn endings, Lucena, Philidor, and common minor-piece rules."
751,16,Clock Management and Practical Decisions,1,Budget Time by Decision Difficulty,Core Advice,Budget Time by Decision Difficulty - The Rule,6,Is this a critical decision or a familiar continuation?,"Spend more time on irreversible, tactical, and structurally critical choices than on routine moves."
752,16,Clock Management and Practical Decisions,1,Budget Time by Decision Difficulty,Recognition,Budget Time by Decision Difficulty - How to Notice It,7,Is this a critical decision or a familiar continuation?,"Spend more time on irreversible, tactical, and structurally critical choices than on routine moves."
753,16,Clock Management and Practical Decisions,1,Budget Time by Decision Difficulty,Board Use,Budget Time by Decision Difficulty - Use It at the Board,8,Is this a critical decision or a familiar continuation?,"Spend more time on irreversible, tactical, and structurally critical choices than on routine moves."
754,16,Clock Management and Practical Decisions,1,Budget Time by Decision Difficulty,Exceptions,Budget Time by Decision Difficulty - Know When to Break It,9,What exact feature would justify breaking this advice here?,"Spend more time on irreversible, tactical, and structurally critical choices than on routine moves."
755,16,Clock Management and Practical Decisions,1,Budget Time by Decision Difficulty,Training,Budget Time by Decision Difficulty - Make It Automatic,10,Is this a critical decision or a familiar continuation?,"Spend more time on irreversible, tactical, and structurally critical choices than on routine moves."
756,16,Clock Management and Practical Decisions,2,Preserve a Reserve for the Finish,Core Advice,Preserve a Reserve for the Finish - The Rule,12,What minimum reserve do I want at move thirty?,Keep enough time for late middlegame tactics and technical endings.
757,16,Clock Management and Practical Decisions,2,Preserve a Reserve for the Finish,Recognition,Preserve a Reserve for the Finish - How to Notice It,13,What minimum reserve do I want at move thirty?,Keep enough time for late middlegame tactics and technical endings.
758,16,Clock Management and Practical Decisions,2,Preserve a Reserve for the Finish,Board Use,Preserve a Reserve for the Finish - Use It at the Board,14,What minimum reserve do I want at move thirty?,Keep enough time for late middlegame tactics and technical endings.
759,16,Clock Management and Practical Decisions,2,Preserve a Reserve for the Finish,Exceptions,Preserve a Reserve for the Finish - Know When to Break It,15,What exact feature would justify breaking this advice here?,Keep enough time for late middlegame tactics and technical endings.
760,16,Clock Management and Practical Decisions,2,Preserve a Reserve for the Finish,Training,Preserve a Reserve for the Finish - Make It Automatic,16,What minimum reserve do I want at move thirty?,Keep enough time for late middlegame tactics and technical endings.
761,16,Clock Management and Practical Decisions,3,Recognize Critical Moments,Core Advice,Recognize Critical Moments - The Rule,18,"Will this decision change the structure, safety, or material permanently?","Slow down when the center changes, queens enter, sacrifices appear, or a major exchange is offered."
762,16,Clock Management and Practical Decisions,3,Recognize Critical Moments,Recognition,Recognize Critical Moments - How to Notice It,19,"Will this decision change the structure, safety, or material permanently?","Slow down when the center changes, queens enter, sacrifices appear, or a major exchange is offered."
763,16,Clock Management and Practical Decisions,3,Recognize Critical Moments,Board Use,Recognize Critical Moments - Use It at the Board,20,"Will this decision change the structure, safety, or material permanently?","Slow down when the center changes, queens enter, sacrifices appear, or a major exchange is offered."
764,16,Clock Management and Practical Decisions,3,Recognize Critical Moments,Exceptions,Recognize Critical Moments - Know When to Break It,21,What exact feature would justify breaking this advice here?,"Slow down when the center changes, queens enter, sacrifices appear, or a major exchange is offered."
765,16,Clock Management and Practical Decisions,3,Recognize Critical Moments,Training,Recognize Critical Moments - Make It Automatic,22,"Will this decision change the structure, safety, or material permanently?","Slow down when the center changes, queens enter, sacrifices appear, or a major exchange is offered."
766,16,Clock Management and Practical Decisions,4,Use Opponent Time Productively,Core Advice,Use Opponent Time Productively - The Rule,24,What remains useful regardless of their exact move?,"Analyze their threats, your likely candidates, and the position's main problem while their clock runs."
767,16,Clock Management and Practical Decisions,4,Use Opponent Time Productively,Recognition,Use Opponent Time Productively - How to Notice It,25,What remains useful regardless of their exact move?,"Analyze their threats, your likely candidates, and the position's main problem while their clock runs."
768,16,Clock Management and Practical Decisions,4,Use Opponent Time Productively,Board Use,Use Opponent Time Productively - Use It at the Board,26,What remains useful regardless of their exact move?,"Analyze their threats, your likely candidates, and the position's main problem while their clock runs."
769,16,Clock Management and Practical Decisions,4,Use Opponent Time Productively,Exceptions,Use Opponent Time Productively - Know When to Break It,27,What exact feature would justify breaking this advice here?,"Analyze their threats, your likely candidates, and the position's main problem while their clock runs."
770,16,Clock Management and Practical Decisions,4,Use Opponent Time Productively,Training,Use Opponent Time Productively - Make It Automatic,28,What remains useful regardless of their exact move?,"Analyze their threats, your likely candidates, and the position's main problem while their clock runs."
771,16,Clock Management and Practical Decisions,5,Set a Decision Deadline,Core Advice,Set a Decision Deadline - The Rule,30,Have I learned anything new in the last minute?,Give yourself a stopping point after adequate candidate comparison and verification.
772,16,Clock Management and Practical Decisions,5,Set a Decision Deadline,Recognition,Set a Decision Deadline - How to Notice It,31,Have I learned anything new in the last minute?,Give yourself a stopping point after adequate candidate comparison and verification.
773,16,Clock Management and Practical Decisions,5,Set a Decision Deadline,Board Use,Set a Decision Deadline - Use It at the Board,32,Have I learned anything new in the last minute?,Give yourself a stopping point after adequate candidate comparison and verification.
774,16,Clock Management and Practical Decisions,5,Set a Decision Deadline,Exceptions,Set a Decision Deadline - Know When to Break It,33,What exact feature would justify breaking this advice here?,Give yourself a stopping point after adequate candidate comparison and verification.
775,16,Clock Management and Practical Decisions,5,Set a Decision Deadline,Training,Set a Decision Deadline - Make It Automatic,34,Have I learned anything new in the last minute?,Give yourself a stopping point after adequate candidate comparison and verification.
776,16,Clock Management and Practical Decisions,6,Simplify the Process in Time Trouble,Core Advice,Simplify the Process in Time Trouble - The Rule,36,What is the minimum safe process for this move?,"Use a compact scan: threat, forcing moves, loose pieces, safest candidate, final check."
777,16,Clock Management and Practical Decisions,6,Simplify the Process in Time Trouble,Recognition,Simplify the Process in Time Trouble - How to Notice It,37,What is the minimum safe process for this move?,"Use a compact scan: threat, forcing moves, loose pieces, safest candidate, final check."
778,16,Clock Management and Practical Decisions,6,Simplify the Process in Time Trouble,Board Use,Simplify the Process in Time Trouble - Use It at the Board,38,What is the minimum safe process for this move?,"Use a compact scan: threat, forcing moves, loose pieces, safest candidate, final check."
779,16,Clock Management and Practical Decisions,6,Simplify the Process in Time Trouble,Exceptions,Simplify the Process in Time Trouble - Know When to Break It,39,What exact feature would justify breaking this advice here?,"Use a compact scan: threat, forcing moves, loose pieces, safest candidate, final check."
780,16,Clock Management and Practical Decisions,6,Simplify the Process in Time Trouble,Training,Simplify the Process in Time Trouble - Make It Automatic,40,What is the minimum safe process for this move?,"Use a compact scan: threat, forcing moves, loose pieces, safest candidate, final check."
781,16,Clock Management and Practical Decisions,7,Avoid Instant Recaptures,Core Advice,Avoid Instant Recaptures - The Rule,42,What can I do before recapturing?,Spend a brief pause checking intermediate moves and alternative recaptures even when the answer looks forced.
782,16,Clock Management and Practical Decisions,7,Avoid Instant Recaptures,Recognition,Avoid Instant Recaptures - How to Notice It,43,What can I do before recapturing?,Spend a brief pause checking intermediate moves and alternative recaptures even when the answer looks forced.
783,16,Clock Management and Practical Decisions,7,Avoid Instant Recaptures,Board Use,Avoid Instant Recaptures - Use It at the Board,44,What can I do before recapturing?,Spend a brief pause checking intermediate moves and alternative recaptures even when the answer looks forced.
784,16,Clock Management and Practical Decisions,7,Avoid Instant Recaptures,Exceptions,Avoid Instant Recaptures - Know When to Break It,45,What exact feature would justify breaking this advice here?,Spend a brief pause checking intermediate moves and alternative recaptures even when the answer looks forced.
785,16,Clock Management and Practical Decisions,7,Avoid Instant Recaptures,Training,Avoid Instant Recaptures - Make It Automatic,46,What can I do before recapturing?,Spend a brief pause checking intermediate moves and alternative recaptures even when the answer looks forced.
786,16,Clock Management and Practical Decisions,8,Use Increment Wisely,Core Advice,Use Increment Wisely - The Rule,48,Can I solve this move with my compact routine?,Complete a safe decision within the increment when possible instead of spending the entire reserve on routine moves.
787,16,Clock Management and Practical Decisions,8,Use Increment Wisely,Recognition,Use Increment Wisely - How to Notice It,49,Can I solve this move with my compact routine?,Complete a safe decision within the increment when possible instead of spending the entire reserve on routine moves.
788,16,Clock Management and Practical Decisions,8,Use Increment Wisely,Board Use,Use Increment Wisely - Use It at the Board,50,Can I solve this move with my compact routine?,Complete a safe decision within the increment when possible instead of spending the entire reserve on routine moves.
789,16,Clock Management and Practical Decisions,8,Use Increment Wisely,Exceptions,Use Increment Wisely - Know When to Break It,51,What exact feature would justify breaking this advice here?,Complete a safe decision within the increment when possible instead of spending the entire reserve on routine moves.
790,16,Clock Management and Practical Decisions,8,Use Increment Wisely,Training,Use Increment Wisely - Make It Automatic,52,Can I solve this move with my compact routine?,Complete a safe decision within the increment when possible instead of spending the entire reserve on routine moves.
791,16,Clock Management and Practical Decisions,9,Make Practical Choices Under Uncertainty,Core Advice,Make Practical Choices Under Uncertainty - The Rule,54,Which position can I navigate accurately with my remaining time?,"When objective evaluations are close, choose the line with clearer plans and manageable risk."
792,16,Clock Management and Practical Decisions,9,Make Practical Choices Under Uncertainty,Recognition,Make Practical Choices Under Uncertainty - How to Notice It,55,Which position can I navigate accurately with my remaining time?,"When objective evaluations are close, choose the line with clearer plans and manageable risk."
793,16,Clock Management and Practical Decisions,9,Make Practical Choices Under Uncertainty,Board Use,Make Practical Choices Under Uncertainty - Use It at the Board,56,Which position can I navigate accurately with my remaining time?,"When objective evaluations are close, choose the line with clearer plans and manageable risk."
794,16,Clock Management and Practical Decisions,9,Make Practical Choices Under Uncertainty,Exceptions,Make Practical Choices Under Uncertainty - Know When to Break It,57,What exact feature would justify breaking this advice here?,"When objective evaluations are close, choose the line with clearer plans and manageable risk."
795,16,Clock Management and Practical Decisions,9,Make Practical Choices Under Uncertainty,Training,Make Practical Choices Under Uncertainty - Make It Automatic,58,Which position can I navigate accurately with my remaining time?,"When objective evaluations are close, choose the line with clearer plans and manageable risk."
796,16,Clock Management and Practical Decisions,10,Record Clock Mistakes Separately,Core Advice,Record Clock Mistakes Separately - The Rule,60,"Was the error the move, the time allocation, or both?","Diagnose overspending, underspending, panic, and missed critical moments as distinct errors."
797,16,Clock Management and Practical Decisions,10,Record Clock Mistakes Separately,Recognition,Record Clock Mistakes Separately - How to Notice It,61,"Was the error the move, the time allocation, or both?","Diagnose overspending, underspending, panic, and missed critical moments as distinct errors."
798,16,Clock Management and Practical Decisions,10,Record Clock Mistakes Separately,Board Use,Record Clock Mistakes Separately - Use It at the Board,62,"Was the error the move, the time allocation, or both?","Diagnose overspending, underspending, panic, and missed critical moments as distinct errors."
799,16,Clock Management and Practical Decisions,10,Record Clock Mistakes Separately,Exceptions,Record Clock Mistakes Separately - Know When to Break It,63,What exact feature would justify breaking this advice here?,"Diagnose overspending, underspending, panic, and missed critical moments as distinct errors."
800,16,Clock Management and Practical Decisions,10,Record Clock Mistakes Separately,Training,Record Clock Mistakes Separately - Make It Automatic,64,"Was the error the move, the time allocation, or both?","Diagnose overspending, underspending, panic, and missed critical moments as distinct errors."
801,17,"Psychology, Resilience, and Objectivity",1,Play the Position You Have,Core Advice,Play the Position You Have - The Rule,6,What would I think if I saw this position for the first time?,Discard expectations and evaluate the current board after every surprise.
802,17,"Psychology, Resilience, and Objectivity",1,Play the Position You Have,Recognition,Play the Position You Have - How to Notice It,7,What would I think if I saw this position for the first time?,Discard expectations and evaluate the current board after every surprise.
803,17,"Psychology, Resilience, and Objectivity",1,Play the Position You Have,Board Use,Play the Position You Have - Use It at the Board,8,What would I think if I saw this position for the first time?,Discard expectations and evaluate the current board after every surprise.
804,17,"Psychology, Resilience, and Objectivity",1,Play the Position You Have,Exceptions,Play the Position You Have - Know When to Break It,9,What exact feature would justify breaking this advice here?,Discard expectations and evaluate the current board after every surprise.
805,17,"Psychology, Resilience, and Objectivity",1,Play the Position You Have,Training,Play the Position You Have - Make It Automatic,10,What would I think if I saw this position for the first time?,Discard expectations and evaluate the current board after every surprise.
806,17,"Psychology, Resilience, and Objectivity",2,Do Not Chase Immediate Redemption,Core Advice,Do Not Chase Immediate Redemption - The Rule,12,"What is the best move now, not the move that erases my embarrassment?","After a mistake, stabilize the position before trying to win back material or prove the idea."
807,17,"Psychology, Resilience, and Objectivity",2,Do Not Chase Immediate Redemption,Recognition,Do Not Chase Immediate Redemption - How to Notice It,13,"What is the best move now, not the move that erases my embarrassment?","After a mistake, stabilize the position before trying to win back material or prove the idea."
808,17,"Psychology, Resilience, and Objectivity",2,Do Not Chase Immediate Redemption,Board Use,Do Not Chase Immediate Redemption - Use It at the Board,14,"What is the best move now, not the move that erases my embarrassment?","After a mistake, stabilize the position before trying to win back material or prove the idea."
809,17,"Psychology, Resilience, and Objectivity",2,Do Not Chase Immediate Redemption,Exceptions,Do Not Chase Immediate Redemption - Know When to Break It,15,What exact feature would justify breaking this advice here?,"After a mistake, stabilize the position before trying to win back material or prove the idea."
810,17,"Psychology, Resilience, and Objectivity",2,Do Not Chase Immediate Redemption,Training,Do Not Chase Immediate Redemption - Make It Automatic,16,"What is the best move now, not the move that erases my embarrassment?","After a mistake, stabilize the position before trying to win back material or prove the idea."
811,17,"Psychology, Resilience, and Objectivity",3,Treat Confidence as a Process Result,Core Advice,Treat Confidence as a Process Result - The Rule,18,Which checks in my process support this decision?,Trust moves that pass a sound routine rather than moves that feel bold or familiar.
812,17,"Psychology, Resilience, and Objectivity",3,Treat Confidence as a Process Result,Recognition,Treat Confidence as a Process Result - How to Notice It,19,Which checks in my process support this decision?,Trust moves that pass a sound routine rather than moves that feel bold or familiar.
813,17,"Psychology, Resilience, and Objectivity",3,Treat Confidence as a Process Result,Board Use,Treat Confidence as a Process Result - Use It at the Board,20,Which checks in my process support this decision?,Trust moves that pass a sound routine rather than moves that feel bold or familiar.
814,17,"Psychology, Resilience, and Objectivity",3,Treat Confidence as a Process Result,Exceptions,Treat Confidence as a Process Result - Know When to Break It,21,What exact feature would justify breaking this advice here?,Trust moves that pass a sound routine rather than moves that feel bold or familiar.
815,17,"Psychology, Resilience, and Objectivity",3,Treat Confidence as a Process Result,Training,Treat Confidence as a Process Result - Make It Automatic,22,Which checks in my process support this decision?,Trust moves that pass a sound routine rather than moves that feel bold or familiar.
816,17,"Psychology, Resilience, and Objectivity",4,Respect Every Opponent Without Worshiping Them,Core Advice,Respect Every Opponent Without Worshiping Them - The Rule,24,What does the board justify independent of rating?,Search for their best moves while still testing their threats and mistakes.
817,17,"Psychology, Resilience, and Objectivity",4,Respect Every Opponent Without Worshiping Them,Recognition,Respect Every Opponent Without Worshiping Them - How to Notice It,25,What does the board justify independent of rating?,Search for their best moves while still testing their threats and mistakes.
818,17,"Psychology, Resilience, and Objectivity",4,Respect Every Opponent Without Worshiping Them,Board Use,Respect Every Opponent Without Worshiping Them - Use It at the Board,26,What does the board justify independent of rating?,Search for their best moves while still testing their threats and mistakes.
819,17,"Psychology, Resilience, and Objectivity",4,Respect Every Opponent Without Worshiping Them,Exceptions,Respect Every Opponent Without Worshiping Them - Know When to Break It,27,What exact feature would justify breaking this advice here?,Search for their best moves while still testing their threats and mistakes.
820,17,"Psychology, Resilience, and Objectivity",4,Respect Every Opponent Without Worshiping Them,Training,Respect Every Opponent Without Worshiping Them - Make It Automatic,28,What does the board justify independent of rating?,Search for their best moves while still testing their threats and mistakes.
821,17,"Psychology, Resilience, and Objectivity",5,Convert Nerves into a Checklist,Core Advice,Convert Nerves into a Checklist - The Rule,30,"What is the next concrete question, not the whole game?","When anxious, return to threat, forcing moves, candidates, best reply, and verification."
822,17,"Psychology, Resilience, and Objectivity",5,Convert Nerves into a Checklist,Recognition,Convert Nerves into a Checklist - How to Notice It,31,"What is the next concrete question, not the whole game?","When anxious, return to threat, forcing moves, candidates, best reply, and verification."
823,17,"Psychology, Resilience, and Objectivity",5,Convert Nerves into a Checklist,Board Use,Convert Nerves into a Checklist - Use It at the Board,32,"What is the next concrete question, not the whole game?","When anxious, return to threat, forcing moves, candidates, best reply, and verification."
824,17,"Psychology, Resilience, and Objectivity",5,Convert Nerves into a Checklist,Exceptions,Convert Nerves into a Checklist - Know When to Break It,33,What exact feature would justify breaking this advice here?,"When anxious, return to threat, forcing moves, candidates, best reply, and verification."
825,17,"Psychology, Resilience, and Objectivity",5,Convert Nerves into a Checklist,Training,Convert Nerves into a Checklist - Make It Automatic,34,"What is the next concrete question, not the whole game?","When anxious, return to threat, forcing moves, candidates, best reply, and verification."
826,17,"Psychology, Resilience, and Objectivity",6,Use a Physical Reset,Core Advice,Use a Physical Reset - The Rule,36,Have I physically widened my attention?,"Relax shoulders, breathe once slowly, sit back, and look at the whole board."
827,17,"Psychology, Resilience, and Objectivity",6,Use a Physical Reset,Recognition,Use a Physical Reset - How to Notice It,37,Have I physically widened my attention?,"Relax shoulders, breathe once slowly, sit back, and look at the whole board."
828,17,"Psychology, Resilience, and Objectivity",6,Use a Physical Reset,Board Use,Use a Physical Reset - Use It at the Board,38,Have I physically widened my attention?,"Relax shoulders, breathe once slowly, sit back, and look at the whole board."
829,17,"Psychology, Resilience, and Objectivity",6,Use a Physical Reset,Exceptions,Use a Physical Reset - Know When to Break It,39,What exact feature would justify breaking this advice here?,"Relax shoulders, breathe once slowly, sit back, and look at the whole board."
830,17,"Psychology, Resilience, and Objectivity",6,Use a Physical Reset,Training,Use a Physical Reset - Make It Automatic,40,Have I physically widened my attention?,"Relax shoulders, breathe once slowly, sit back, and look at the whole board."
831,17,"Psychology, Resilience, and Objectivity",7,Separate Result from Decision Quality,Core Advice,Separate Result from Decision Quality - The Rule,42,Would I want to make this decision again in the same position?,Judge whether your process was sound even when the outcome was lucky or unlucky.
832,17,"Psychology, Resilience, and Objectivity",7,Separate Result from Decision Quality,Recognition,Separate Result from Decision Quality - How to Notice It,43,Would I want to make this decision again in the same position?,Judge whether your process was sound even when the outcome was lucky or unlucky.
833,17,"Psychology, Resilience, and Objectivity",7,Separate Result from Decision Quality,Board Use,Separate Result from Decision Quality - Use It at the Board,44,Would I want to make this decision again in the same position?,Judge whether your process was sound even when the outcome was lucky or unlucky.
834,17,"Psychology, Resilience, and Objectivity",7,Separate Result from Decision Quality,Exceptions,Separate Result from Decision Quality - Know When to Break It,45,What exact feature would justify breaking this advice here?,Judge whether your process was sound even when the outcome was lucky or unlucky.
835,17,"Psychology, Resilience, and Objectivity",7,Separate Result from Decision Quality,Training,Separate Result from Decision Quality - Make It Automatic,46,Would I want to make this decision again in the same position?,Judge whether your process was sound even when the outcome was lucky or unlucky.
836,17,"Psychology, Resilience, and Objectivity",8,Make the Opponent Solve Problems,Core Advice,Make the Opponent Solve Problems - The Rule,48,Which legal move makes their win hardest to execute?,"In worse positions, preserve complexity and set concrete tasks without relying on unsound hope."
837,17,"Psychology, Resilience, and Objectivity",8,Make the Opponent Solve Problems,Recognition,Make the Opponent Solve Problems - How to Notice It,49,Which legal move makes their win hardest to execute?,"In worse positions, preserve complexity and set concrete tasks without relying on unsound hope."
838,17,"Psychology, Resilience, and Objectivity",8,Make the Opponent Solve Problems,Board Use,Make the Opponent Solve Problems - Use It at the Board,50,Which legal move makes their win hardest to execute?,"In worse positions, preserve complexity and set concrete tasks without relying on unsound hope."
839,17,"Psychology, Resilience, and Objectivity",8,Make the Opponent Solve Problems,Exceptions,Make the Opponent Solve Problems - Know When to Break It,51,What exact feature would justify breaking this advice here?,"In worse positions, preserve complexity and set concrete tasks without relying on unsound hope."
840,17,"Psychology, Resilience, and Objectivity",8,Make the Opponent Solve Problems,Training,Make the Opponent Solve Problems - Make It Automatic,52,Which legal move makes their win hardest to execute?,"In worse positions, preserve complexity and set concrete tasks without relying on unsound hope."
841,17,"Psychology, Resilience, and Objectivity",9,Accept Uncertainty Without Freezing,Core Advice,Accept Uncertainty Without Freezing - The Rule,54,What decision is justified by the evidence I can obtain now?,Choose the best-supported move after a complete but bounded process.
842,17,"Psychology, Resilience, and Objectivity",9,Accept Uncertainty Without Freezing,Recognition,Accept Uncertainty Without Freezing - How to Notice It,55,What decision is justified by the evidence I can obtain now?,Choose the best-supported move after a complete but bounded process.
843,17,"Psychology, Resilience, and Objectivity",9,Accept Uncertainty Without Freezing,Board Use,Accept Uncertainty Without Freezing - Use It at the Board,56,What decision is justified by the evidence I can obtain now?,Choose the best-supported move after a complete but bounded process.
844,17,"Psychology, Resilience, and Objectivity",9,Accept Uncertainty Without Freezing,Exceptions,Accept Uncertainty Without Freezing - Know When to Break It,57,What exact feature would justify breaking this advice here?,Choose the best-supported move after a complete but bounded process.
845,17,"Psychology, Resilience, and Objectivity",9,Accept Uncertainty Without Freezing,Training,Accept Uncertainty Without Freezing - Make It Automatic,58,What decision is justified by the evidence I can obtain now?,Choose the best-supported move after a complete but bounded process.
846,17,"Psychology, Resilience, and Objectivity",10,Finish the Game Before Judging Yourself,Core Advice,Finish the Game Before Judging Yourself - The Rule,60,What problem does the board require on this move?,"Keep full attention until resignation, mate, or agreed draw."
847,17,"Psychology, Resilience, and Objectivity",10,Finish the Game Before Judging Yourself,Recognition,Finish the Game Before Judging Yourself - How to Notice It,61,What problem does the board require on this move?,"Keep full attention until resignation, mate, or agreed draw."
848,17,"Psychology, Resilience, and Objectivity",10,Finish the Game Before Judging Yourself,Board Use,Finish the Game Before Judging Yourself - Use It at the Board,62,What problem does the board require on this move?,"Keep full attention until resignation, mate, or agreed draw."
849,17,"Psychology, Resilience, and Objectivity",10,Finish the Game Before Judging Yourself,Exceptions,Finish the Game Before Judging Yourself - Know When to Break It,63,What exact feature would justify breaking this advice here?,"Keep full attention until resignation, mate, or agreed draw."
850,17,"Psychology, Resilience, and Objectivity",10,Finish the Game Before Judging Yourself,Training,Finish the Game Before Judging Yourself - Make It Automatic,64,What problem does the board require on this move?,"Keep full attention until resignation, mate, or agreed draw."
851,18,Game Analysis and Error Diagnosis,1,Analyze Without an Engine First,Core Advice,Analyze Without an Engine First - The Rule,6,What did I actually see and believe at the board?,"Reconstruct your candidates, evaluation, and clock use before asking a computer."
852,18,Game Analysis and Error Diagnosis,1,Analyze Without an Engine First,Recognition,Analyze Without an Engine First - How to Notice It,7,What did I actually see and believe at the board?,"Reconstruct your candidates, evaluation, and clock use before asking a computer."
853,18,Game Analysis and Error Diagnosis,1,Analyze Without an Engine First,Board Use,Analyze Without an Engine First - Use It at the Board,8,What did I actually see and believe at the board?,"Reconstruct your candidates, evaluation, and clock use before asking a computer."
854,18,Game Analysis and Error Diagnosis,1,Analyze Without an Engine First,Exceptions,Analyze Without an Engine First - Know When to Break It,9,What exact feature would justify breaking this advice here?,"Reconstruct your candidates, evaluation, and clock use before asking a computer."
855,18,Game Analysis and Error Diagnosis,1,Analyze Without an Engine First,Training,Analyze Without an Engine First - Make It Automatic,10,What did I actually see and believe at the board?,"Reconstruct your candidates, evaluation, and clock use before asking a computer."
856,18,Game Analysis and Error Diagnosis,2,Find the First Important Divergence,Core Advice,Find the First Important Divergence - The Rule,12,When did the position first become hard for the wrong reason?,"Locate the earliest move where your plan, evaluation, or candidate set became meaningfully worse."
857,18,Game Analysis and Error Diagnosis,2,Find the First Important Divergence,Recognition,Find the First Important Divergence - How to Notice It,13,When did the position first become hard for the wrong reason?,"Locate the earliest move where your plan, evaluation, or candidate set became meaningfully worse."
858,18,Game Analysis and Error Diagnosis,2,Find the First Important Divergence,Board Use,Find the First Important Divergence - Use It at the Board,14,When did the position first become hard for the wrong reason?,"Locate the earliest move where your plan, evaluation, or candidate set became meaningfully worse."
859,18,Game Analysis and Error Diagnosis,2,Find the First Important Divergence,Exceptions,Find the First Important Divergence - Know When to Break It,15,What exact feature would justify breaking this advice here?,"Locate the earliest move where your plan, evaluation, or candidate set became meaningfully worse."
860,18,Game Analysis and Error Diagnosis,2,Find the First Important Divergence,Training,Find the First Important Divergence - Make It Automatic,16,When did the position first become hard for the wrong reason?,"Locate the earliest move where your plan, evaluation, or candidate set became meaningfully worse."
861,18,Game Analysis and Error Diagnosis,3,Separate Tactical from Process Errors,Core Advice,Separate Tactical from Process Errors - The Rule,18,What question or skill would have prevented this error?,"Classify missed move, visualization failure, evaluation error, knowledge gap, and time error separately."
862,18,Game Analysis and Error Diagnosis,3,Separate Tactical from Process Errors,Recognition,Separate Tactical from Process Errors - How to Notice It,19,What question or skill would have prevented this error?,"Classify missed move, visualization failure, evaluation error, knowledge gap, and time error separately."
863,18,Game Analysis and Error Diagnosis,3,Separate Tactical from Process Errors,Board Use,Separate Tactical from Process Errors - Use It at the Board,20,What question or skill would have prevented this error?,"Classify missed move, visualization failure, evaluation error, knowledge gap, and time error separately."
864,18,Game Analysis and Error Diagnosis,3,Separate Tactical from Process Errors,Exceptions,Separate Tactical from Process Errors - Know When to Break It,21,What exact feature would justify breaking this advice here?,"Classify missed move, visualization failure, evaluation error, knowledge gap, and time error separately."
865,18,Game Analysis and Error Diagnosis,3,Separate Tactical from Process Errors,Training,Separate Tactical from Process Errors - Make It Automatic,22,What question or skill would have prevented this error?,"Classify missed move, visualization failure, evaluation error, knowledge gap, and time error separately."
866,18,Game Analysis and Error Diagnosis,4,Record Discarded Candidates,Core Advice,Record Discarded Candidates - The Rule,24,Why did I abandon the move that later proved best?,"Note strong moves you considered and rejected, plus the reason."
867,18,Game Analysis and Error Diagnosis,4,Record Discarded Candidates,Recognition,Record Discarded Candidates - How to Notice It,25,Why did I abandon the move that later proved best?,"Note strong moves you considered and rejected, plus the reason."
868,18,Game Analysis and Error Diagnosis,4,Record Discarded Candidates,Board Use,Record Discarded Candidates - Use It at the Board,26,Why did I abandon the move that later proved best?,"Note strong moves you considered and rejected, plus the reason."
869,18,Game Analysis and Error Diagnosis,4,Record Discarded Candidates,Exceptions,Record Discarded Candidates - Know When to Break It,27,What exact feature would justify breaking this advice here?,"Note strong moves you considered and rejected, plus the reason."
870,18,Game Analysis and Error Diagnosis,4,Record Discarded Candidates,Training,Record Discarded Candidates - Make It Automatic,28,Why did I abandon the move that later proved best?,"Note strong moves you considered and rejected, plus the reason."
871,18,Game Analysis and Error Diagnosis,5,Review the Opponent's Best Chances,Core Advice,Review the Opponent's Best Chances - The Rule,30,What would a stronger opponent have done here?,"Analyze moments where their move could have been stronger, not only your mistakes."
872,18,Game Analysis and Error Diagnosis,5,Review the Opponent's Best Chances,Recognition,Review the Opponent's Best Chances - How to Notice It,31,What would a stronger opponent have done here?,"Analyze moments where their move could have been stronger, not only your mistakes."
873,18,Game Analysis and Error Diagnosis,5,Review the Opponent's Best Chances,Board Use,Review the Opponent's Best Chances - Use It at the Board,32,What would a stronger opponent have done here?,"Analyze moments where their move could have been stronger, not only your mistakes."
874,18,Game Analysis and Error Diagnosis,5,Review the Opponent's Best Chances,Exceptions,Review the Opponent's Best Chances - Know When to Break It,33,What exact feature would justify breaking this advice here?,"Analyze moments where their move could have been stronger, not only your mistakes."
875,18,Game Analysis and Error Diagnosis,5,Review the Opponent's Best Chances,Training,Review the Opponent's Best Chances - Make It Automatic,34,What would a stronger opponent have done here?,"Analyze moments where their move could have been stronger, not only your mistakes."
876,18,Game Analysis and Error Diagnosis,6,Attach a Fix to Every Error,Core Advice,Attach a Fix to Every Error - The Rule,36,What will I do differently when this trigger appears again?,"Convert diagnosis into a board question, pattern set, endgame drill, or repertoire repair."
877,18,Game Analysis and Error Diagnosis,6,Attach a Fix to Every Error,Recognition,Attach a Fix to Every Error - How to Notice It,37,What will I do differently when this trigger appears again?,"Convert diagnosis into a board question, pattern set, endgame drill, or repertoire repair."
878,18,Game Analysis and Error Diagnosis,6,Attach a Fix to Every Error,Board Use,Attach a Fix to Every Error - Use It at the Board,38,What will I do differently when this trigger appears again?,"Convert diagnosis into a board question, pattern set, endgame drill, or repertoire repair."
879,18,Game Analysis and Error Diagnosis,6,Attach a Fix to Every Error,Exceptions,Attach a Fix to Every Error - Know When to Break It,39,What exact feature would justify breaking this advice here?,"Convert diagnosis into a board question, pattern set, endgame drill, or repertoire repair."
880,18,Game Analysis and Error Diagnosis,6,Attach a Fix to Every Error,Training,Attach a Fix to Every Error - Make It Automatic,40,What will I do differently when this trigger appears again?,"Convert diagnosis into a board question, pattern set, endgame drill, or repertoire repair."
881,18,Game Analysis and Error Diagnosis,7,Use the Engine as a Verifier,Core Advice,Use the Engine as a Verifier - The Rule,42,Which belief am I testing with the engine?,"Ask the engine specific questions about candidates, tactics, and evaluations instead of accepting the top line passively."
882,18,Game Analysis and Error Diagnosis,7,Use the Engine as a Verifier,Recognition,Use the Engine as a Verifier - How to Notice It,43,Which belief am I testing with the engine?,"Ask the engine specific questions about candidates, tactics, and evaluations instead of accepting the top line passively."
883,18,Game Analysis and Error Diagnosis,7,Use the Engine as a Verifier,Board Use,Use the Engine as a Verifier - Use It at the Board,44,Which belief am I testing with the engine?,"Ask the engine specific questions about candidates, tactics, and evaluations instead of accepting the top line passively."
884,18,Game Analysis and Error Diagnosis,7,Use the Engine as a Verifier,Exceptions,Use the Engine as a Verifier - Know When to Break It,45,What exact feature would justify breaking this advice here?,"Ask the engine specific questions about candidates, tactics, and evaluations instead of accepting the top line passively."
885,18,Game Analysis and Error Diagnosis,7,Use the Engine as a Verifier,Training,Use the Engine as a Verifier - Make It Automatic,46,Which belief am I testing with the engine?,"Ask the engine specific questions about candidates, tactics, and evaluations instead of accepting the top line passively."
886,18,Game Analysis and Error Diagnosis,8,Analyze Wins as Seriously as Losses,Core Advice,Analyze Wins as Seriously as Losses - The Rule,48,Which decision would I not want to repeat despite winning?,"Look for unsound choices, missed conversions, and lucky escapes in successful games."
887,18,Game Analysis and Error Diagnosis,8,Analyze Wins as Seriously as Losses,Recognition,Analyze Wins as Seriously as Losses - How to Notice It,49,Which decision would I not want to repeat despite winning?,"Look for unsound choices, missed conversions, and lucky escapes in successful games."
888,18,Game Analysis and Error Diagnosis,8,Analyze Wins as Seriously as Losses,Board Use,Analyze Wins as Seriously as Losses - Use It at the Board,50,Which decision would I not want to repeat despite winning?,"Look for unsound choices, missed conversions, and lucky escapes in successful games."
889,18,Game Analysis and Error Diagnosis,8,Analyze Wins as Seriously as Losses,Exceptions,Analyze Wins as Seriously as Losses - Know When to Break It,51,What exact feature would justify breaking this advice here?,"Look for unsound choices, missed conversions, and lucky escapes in successful games."
890,18,Game Analysis and Error Diagnosis,8,Analyze Wins as Seriously as Losses,Training,Analyze Wins as Seriously as Losses - Make It Automatic,52,Which decision would I not want to repeat despite winning?,"Look for unsound choices, missed conversions, and lucky escapes in successful games."
891,18,Game Analysis and Error Diagnosis,9,Build a Personal Error Profile,Core Advice,Build a Personal Error Profile - The Rule,54,Which error family costs me the most points?,"Count recurring causes, phases, structures, and clock conditions across games."
892,18,Game Analysis and Error Diagnosis,9,Build a Personal Error Profile,Recognition,Build a Personal Error Profile - How to Notice It,55,Which error family costs me the most points?,"Count recurring causes, phases, structures, and clock conditions across games."
893,18,Game Analysis and Error Diagnosis,9,Build a Personal Error Profile,Board Use,Build a Personal Error Profile - Use It at the Board,56,Which error family costs me the most points?,"Count recurring causes, phases, structures, and clock conditions across games."
894,18,Game Analysis and Error Diagnosis,9,Build a Personal Error Profile,Exceptions,Build a Personal Error Profile - Know When to Break It,57,What exact feature would justify breaking this advice here?,"Count recurring causes, phases, structures, and clock conditions across games."
895,18,Game Analysis and Error Diagnosis,9,Build a Personal Error Profile,Training,Build a Personal Error Profile - Make It Automatic,58,Which error family costs me the most points?,"Count recurring causes, phases, structures, and clock conditions across games."
896,18,Game Analysis and Error Diagnosis,10,Revisit the Game After Delay,Core Advice,Revisit the Game After Delay - The Rule,60,Can I now find the move and explain why?,Return after several days and test key positions without notes.
897,18,Game Analysis and Error Diagnosis,10,Revisit the Game After Delay,Recognition,Revisit the Game After Delay - How to Notice It,61,Can I now find the move and explain why?,Return after several days and test key positions without notes.
898,18,Game Analysis and Error Diagnosis,10,Revisit the Game After Delay,Board Use,Revisit the Game After Delay - Use It at the Board,62,Can I now find the move and explain why?,Return after several days and test key positions without notes.
899,18,Game Analysis and Error Diagnosis,10,Revisit the Game After Delay,Exceptions,Revisit the Game After Delay - Know When to Break It,63,What exact feature would justify breaking this advice here?,Return after several days and test key positions without notes.
900,18,Game Analysis and Error Diagnosis,10,Revisit the Game After Delay,Training,Revisit the Game After Delay - Make It Automatic,64,Can I now find the move and explain why?,Return after several days and test key positions without notes.
901,19,Training Design and Skill Transfer,1,Train Your Largest Bottleneck,Core Advice,Train Your Largest Bottleneck - The Rule,6,What error repeats often and changes results?,Choose the skill whose improvement would save the most points now.
902,19,Training Design and Skill Transfer,1,Train Your Largest Bottleneck,Recognition,Train Your Largest Bottleneck - How to Notice It,7,What error repeats often and changes results?,Choose the skill whose improvement would save the most points now.
903,19,Training Design and Skill Transfer,1,Train Your Largest Bottleneck,Board Use,Train Your Largest Bottleneck - Use It at the Board,8,What error repeats often and changes results?,Choose the skill whose improvement would save the most points now.
904,19,Training Design and Skill Transfer,1,Train Your Largest Bottleneck,Exceptions,Train Your Largest Bottleneck - Know When to Break It,9,What exact feature would justify breaking this advice here?,Choose the skill whose improvement would save the most points now.
905,19,Training Design and Skill Transfer,1,Train Your Largest Bottleneck,Training,Train Your Largest Bottleneck - Make It Automatic,10,What error repeats often and changes results?,Choose the skill whose improvement would save the most points now.
906,19,Training Design and Skill Transfer,2,Balance Knowledge with Slow Games,Core Advice,Balance Knowledge with Slow Games - The Rule,12,Where will I test this idea in an actual decision?,Pair study with serious play where the idea must be retrieved under decision pressure.
907,19,Training Design and Skill Transfer,2,Balance Knowledge with Slow Games,Recognition,Balance Knowledge with Slow Games - How to Notice It,13,Where will I test this idea in an actual decision?,Pair study with serious play where the idea must be retrieved under decision pressure.
908,19,Training Design and Skill Transfer,2,Balance Knowledge with Slow Games,Board Use,Balance Knowledge with Slow Games - Use It at the Board,14,Where will I test this idea in an actual decision?,Pair study with serious play where the idea must be retrieved under decision pressure.
909,19,Training Design and Skill Transfer,2,Balance Knowledge with Slow Games,Exceptions,Balance Knowledge with Slow Games - Know When to Break It,15,What exact feature would justify breaking this advice here?,Pair study with serious play where the idea must be retrieved under decision pressure.
910,19,Training Design and Skill Transfer,2,Balance Knowledge with Slow Games,Training,Balance Knowledge with Slow Games - Make It Automatic,16,Where will I test this idea in an actual decision?,Pair study with serious play where the idea must be retrieved under decision pressure.
911,19,Training Design and Skill Transfer,3,Use Spaced Retrieval,Core Advice,Use Spaced Retrieval - The Rule,18,Can I reconstruct this without hints?,Revisit positions after increasing intervals and produce the move and reason from memory.
912,19,Training Design and Skill Transfer,3,Use Spaced Retrieval,Recognition,Use Spaced Retrieval - How to Notice It,19,Can I reconstruct this without hints?,Revisit positions after increasing intervals and produce the move and reason from memory.
913,19,Training Design and Skill Transfer,3,Use Spaced Retrieval,Board Use,Use Spaced Retrieval - Use It at the Board,20,Can I reconstruct this without hints?,Revisit positions after increasing intervals and produce the move and reason from memory.
914,19,Training Design and Skill Transfer,3,Use Spaced Retrieval,Exceptions,Use Spaced Retrieval - Know When to Break It,21,What exact feature would justify breaking this advice here?,Revisit positions after increasing intervals and produce the move and reason from memory.
915,19,Training Design and Skill Transfer,3,Use Spaced Retrieval,Training,Use Spaced Retrieval - Make It Automatic,22,Can I reconstruct this without hints?,Revisit positions after increasing intervals and produce the move and reason from memory.
916,19,Training Design and Skill Transfer,4,Interleave Related Skills,Core Advice,Interleave Related Skills - The Rule,24,Can I identify the problem type before solving it?,"Mix tactics, calculation, endings, and strategic decisions rather than blocking only one obvious pattern."
917,19,Training Design and Skill Transfer,4,Interleave Related Skills,Recognition,Interleave Related Skills - How to Notice It,25,Can I identify the problem type before solving it?,"Mix tactics, calculation, endings, and strategic decisions rather than blocking only one obvious pattern."
918,19,Training Design and Skill Transfer,4,Interleave Related Skills,Board Use,Interleave Related Skills - Use It at the Board,26,Can I identify the problem type before solving it?,"Mix tactics, calculation, endings, and strategic decisions rather than blocking only one obvious pattern."
919,19,Training Design and Skill Transfer,4,Interleave Related Skills,Exceptions,Interleave Related Skills - Know When to Break It,27,What exact feature would justify breaking this advice here?,"Mix tactics, calculation, endings, and strategic decisions rather than blocking only one obvious pattern."
920,19,Training Design and Skill Transfer,4,Interleave Related Skills,Training,Interleave Related Skills - Make It Automatic,28,Can I identify the problem type before solving it?,"Mix tactics, calculation, endings, and strategic decisions rather than blocking only one obvious pattern."
921,19,Training Design and Skill Transfer,5,Train Explanation as Well as Move Choice,Core Advice,Train Explanation as Well as Move Choice - The Rule,30,Could I teach this position without naming the answer?,"State why the move works, the opponent's best reply, and the resulting plan."
922,19,Training Design and Skill Transfer,5,Train Explanation as Well as Move Choice,Recognition,Train Explanation as Well as Move Choice - How to Notice It,31,Could I teach this position without naming the answer?,"State why the move works, the opponent's best reply, and the resulting plan."
923,19,Training Design and Skill Transfer,5,Train Explanation as Well as Move Choice,Board Use,Train Explanation as Well as Move Choice - Use It at the Board,32,Could I teach this position without naming the answer?,"State why the move works, the opponent's best reply, and the resulting plan."
924,19,Training Design and Skill Transfer,5,Train Explanation as Well as Move Choice,Exceptions,Train Explanation as Well as Move Choice - Know When to Break It,33,What exact feature would justify breaking this advice here?,"State why the move works, the opponent's best reply, and the resulting plan."
925,19,Training Design and Skill Transfer,5,Train Explanation as Well as Move Choice,Training,Train Explanation as Well as Move Choice - Make It Automatic,34,Could I teach this position without naming the answer?,"State why the move works, the opponent's best reply, and the resulting plan."
926,19,Training Design and Skill Transfer,6,Use Representative Positions,Core Advice,Use Representative Positions - The Rule,36,How often will this position type occur in my games?,Select positions that capture recurring structures and decisions rather than only spectacular exceptions.
927,19,Training Design and Skill Transfer,6,Use Representative Positions,Recognition,Use Representative Positions - How to Notice It,37,How often will this position type occur in my games?,Select positions that capture recurring structures and decisions rather than only spectacular exceptions.
928,19,Training Design and Skill Transfer,6,Use Representative Positions,Board Use,Use Representative Positions - Use It at the Board,38,How often will this position type occur in my games?,Select positions that capture recurring structures and decisions rather than only spectacular exceptions.
929,19,Training Design and Skill Transfer,6,Use Representative Positions,Exceptions,Use Representative Positions - Know When to Break It,39,What exact feature would justify breaking this advice here?,Select positions that capture recurring structures and decisions rather than only spectacular exceptions.
930,19,Training Design and Skill Transfer,6,Use Representative Positions,Training,Use Representative Positions - Make It Automatic,40,How often will this position type occur in my games?,Select positions that capture recurring structures and decisions rather than only spectacular exceptions.
931,19,Training Design and Skill Transfer,7,Calibrate Difficulty,Core Advice,Calibrate Difficulty - The Rule,42,"Am I solving, learning, or merely staring?",Work on tasks that demand effort but still allow meaningful calculation and feedback.
932,19,Training Design and Skill Transfer,7,Calibrate Difficulty,Recognition,Calibrate Difficulty - How to Notice It,43,"Am I solving, learning, or merely staring?",Work on tasks that demand effort but still allow meaningful calculation and feedback.
933,19,Training Design and Skill Transfer,7,Calibrate Difficulty,Board Use,Calibrate Difficulty - Use It at the Board,44,"Am I solving, learning, or merely staring?",Work on tasks that demand effort but still allow meaningful calculation and feedback.
934,19,Training Design and Skill Transfer,7,Calibrate Difficulty,Exceptions,Calibrate Difficulty - Know When to Break It,45,What exact feature would justify breaking this advice here?,Work on tasks that demand effort but still allow meaningful calculation and feedback.
935,19,Training Design and Skill Transfer,7,Calibrate Difficulty,Training,Calibrate Difficulty - Make It Automatic,46,"Am I solving, learning, or merely staring?",Work on tasks that demand effort but still allow meaningful calculation and feedback.
936,19,Training Design and Skill Transfer,8,Review Errors More Than Correct Guesses,Core Advice,Review Errors More Than Correct Guesses - The Rule,48,Why was my answer wrong or unjustified?,Spend extra time on wrong reasoning and lucky answers.
937,19,Training Design and Skill Transfer,8,Review Errors More Than Correct Guesses,Recognition,Review Errors More Than Correct Guesses - How to Notice It,49,Why was my answer wrong or unjustified?,Spend extra time on wrong reasoning and lucky answers.
938,19,Training Design and Skill Transfer,8,Review Errors More Than Correct Guesses,Board Use,Review Errors More Than Correct Guesses - Use It at the Board,50,Why was my answer wrong or unjustified?,Spend extra time on wrong reasoning and lucky answers.
939,19,Training Design and Skill Transfer,8,Review Errors More Than Correct Guesses,Exceptions,Review Errors More Than Correct Guesses - Know When to Break It,51,What exact feature would justify breaking this advice here?,Spend extra time on wrong reasoning and lucky answers.
940,19,Training Design and Skill Transfer,8,Review Errors More Than Correct Guesses,Training,Review Errors More Than Correct Guesses - Make It Automatic,52,Why was my answer wrong or unjustified?,Spend extra time on wrong reasoning and lucky answers.
941,19,Training Design and Skill Transfer,9,"Measure Transfer, Not Hours",Core Advice,"Measure Transfer, Not Hours - The Rule",54,What can I now do in games that I could not do before?,"Track blunder rate, time use, recall, endgame results, and decision quality in games."
942,19,Training Design and Skill Transfer,9,"Measure Transfer, Not Hours",Recognition,"Measure Transfer, Not Hours - How to Notice It",55,What can I now do in games that I could not do before?,"Track blunder rate, time use, recall, endgame results, and decision quality in games."
943,19,Training Design and Skill Transfer,9,"Measure Transfer, Not Hours",Board Use,"Measure Transfer, Not Hours - Use It at the Board",56,What can I now do in games that I could not do before?,"Track blunder rate, time use, recall, endgame results, and decision quality in games."
944,19,Training Design and Skill Transfer,9,"Measure Transfer, Not Hours",Exceptions,"Measure Transfer, Not Hours - Know When to Break It",57,What exact feature would justify breaking this advice here?,"Track blunder rate, time use, recall, endgame results, and decision quality in games."
945,19,Training Design and Skill Transfer,9,"Measure Transfer, Not Hours",Training,"Measure Transfer, Not Hours - Make It Automatic",58,What can I now do in games that I could not do before?,"Track blunder rate, time use, recall, endgame results, and decision quality in games."
946,19,Training Design and Skill Transfer,10,Protect Consistency with a Minimum Session,Core Advice,Protect Consistency with a Minimum Session - The Rule,60,What is the smallest useful session today?,Define a small routine you can complete on low-energy days.
947,19,Training Design and Skill Transfer,10,Protect Consistency with a Minimum Session,Recognition,Protect Consistency with a Minimum Session - How to Notice It,61,What is the smallest useful session today?,Define a small routine you can complete on low-energy days.
948,19,Training Design and Skill Transfer,10,Protect Consistency with a Minimum Session,Board Use,Protect Consistency with a Minimum Session - Use It at the Board,62,What is the smallest useful session today?,Define a small routine you can complete on low-energy days.
949,19,Training Design and Skill Transfer,10,Protect Consistency with a Minimum Session,Exceptions,Protect Consistency with a Minimum Session - Know When to Break It,63,What exact feature would justify breaking this advice here?,Define a small routine you can complete on low-energy days.
950,19,Training Design and Skill Transfer,10,Protect Consistency with a Minimum Session,Training,Protect Consistency with a Minimum Session - Make It Automatic,64,What is the smallest useful session today?,Define a small routine you can complete on low-energy days.
951,20,Tournament Craft and Self-Coaching,1,Prepare Broadly Before Preparing Deeply,Core Advice,Prepare Broadly Before Preparing Deeply - The Rule,6,What preparation remains useful after an early deviation?,Cover likely structures and main deviations before investing in a narrow forcing line.
952,20,Tournament Craft and Self-Coaching,1,Prepare Broadly Before Preparing Deeply,Recognition,Prepare Broadly Before Preparing Deeply - How to Notice It,7,What preparation remains useful after an early deviation?,Cover likely structures and main deviations before investing in a narrow forcing line.
953,20,Tournament Craft and Self-Coaching,1,Prepare Broadly Before Preparing Deeply,Board Use,Prepare Broadly Before Preparing Deeply - Use It at the Board,8,What preparation remains useful after an early deviation?,Cover likely structures and main deviations before investing in a narrow forcing line.
954,20,Tournament Craft and Self-Coaching,1,Prepare Broadly Before Preparing Deeply,Exceptions,Prepare Broadly Before Preparing Deeply - Know When to Break It,9,What exact feature would justify breaking this advice here?,Cover likely structures and main deviations before investing in a narrow forcing line.
955,20,Tournament Craft and Self-Coaching,1,Prepare Broadly Before Preparing Deeply,Training,Prepare Broadly Before Preparing Deeply - Make It Automatic,10,What preparation remains useful after an early deviation?,Cover likely structures and main deviations before investing in a narrow forcing line.
956,20,Tournament Craft and Self-Coaching,2,"Use an Opening Warm-Up, Not a Cram",Core Advice,"Use an Opening Warm-Up, Not a Cram - The Rule",12,Am I activating knowledge or trying to acquire it now?,"Retrieve key positions and plans briefly before play, then stop."
957,20,Tournament Craft and Self-Coaching,2,"Use an Opening Warm-Up, Not a Cram",Recognition,"Use an Opening Warm-Up, Not a Cram - How to Notice It",13,Am I activating knowledge or trying to acquire it now?,"Retrieve key positions and plans briefly before play, then stop."
958,20,Tournament Craft and Self-Coaching,2,"Use an Opening Warm-Up, Not a Cram",Board Use,"Use an Opening Warm-Up, Not a Cram - Use It at the Board",14,Am I activating knowledge or trying to acquire it now?,"Retrieve key positions and plans briefly before play, then stop."
959,20,Tournament Craft and Self-Coaching,2,"Use an Opening Warm-Up, Not a Cram",Exceptions,"Use an Opening Warm-Up, Not a Cram - Know When to Break It",15,What exact feature would justify breaking this advice here?,"Retrieve key positions and plans briefly before play, then stop."
960,20,Tournament Craft and Self-Coaching,2,"Use an Opening Warm-Up, Not a Cram",Training,"Use an Opening Warm-Up, Not a Cram - Make It Automatic",16,Am I activating knowledge or trying to acquire it now?,"Retrieve key positions and plans briefly before play, then stop."
961,20,Tournament Craft and Self-Coaching,3,Create a Pre-Move Routine,Core Advice,Create a Pre-Move Routine - The Rule,18,Which step am I on right now?,"Use the same threat, candidate, calculation, evaluation, and verification sequence in every serious game."
962,20,Tournament Craft and Self-Coaching,3,Create a Pre-Move Routine,Recognition,Create a Pre-Move Routine - How to Notice It,19,Which step am I on right now?,"Use the same threat, candidate, calculation, evaluation, and verification sequence in every serious game."
963,20,Tournament Craft and Self-Coaching,3,Create a Pre-Move Routine,Board Use,Create a Pre-Move Routine - Use It at the Board,20,Which step am I on right now?,"Use the same threat, candidate, calculation, evaluation, and verification sequence in every serious game."
964,20,Tournament Craft and Self-Coaching,3,Create a Pre-Move Routine,Exceptions,Create a Pre-Move Routine - Know When to Break It,21,What exact feature would justify breaking this advice here?,"Use the same threat, candidate, calculation, evaluation, and verification sequence in every serious game."
965,20,Tournament Craft and Self-Coaching,3,Create a Pre-Move Routine,Training,Create a Pre-Move Routine - Make It Automatic,22,Which step am I on right now?,"Use the same threat, candidate, calculation, evaluation, and verification sequence in every serious game."
966,20,Tournament Craft and Self-Coaching,4,Manage Energy Between Rounds,Core Advice,Manage Energy Between Rounds - The Rule,24,What will help the next round rather than prolong the last one?,"Eat, hydrate, move, and rest in ways that preserve concentration."
967,20,Tournament Craft and Self-Coaching,4,Manage Energy Between Rounds,Recognition,Manage Energy Between Rounds - How to Notice It,25,What will help the next round rather than prolong the last one?,"Eat, hydrate, move, and rest in ways that preserve concentration."
968,20,Tournament Craft and Self-Coaching,4,Manage Energy Between Rounds,Board Use,Manage Energy Between Rounds - Use It at the Board,26,What will help the next round rather than prolong the last one?,"Eat, hydrate, move, and rest in ways that preserve concentration."
969,20,Tournament Craft and Self-Coaching,4,Manage Energy Between Rounds,Exceptions,Manage Energy Between Rounds - Know When to Break It,27,What exact feature would justify breaking this advice here?,"Eat, hydrate, move, and rest in ways that preserve concentration."
970,20,Tournament Craft and Self-Coaching,4,Manage Energy Between Rounds,Training,Manage Energy Between Rounds - Make It Automatic,28,What will help the next round rather than prolong the last one?,"Eat, hydrate, move, and rest in ways that preserve concentration."
971,20,Tournament Craft and Self-Coaching,5,Choose Risk by Position and Event,Core Advice,Choose Risk by Position and Event - The Rule,30,"What result matters, and what risks are actually justified on the board?",Adjust practical risk to score needs only among moves that remain chessically defensible.
972,20,Tournament Craft and Self-Coaching,5,Choose Risk by Position and Event,Recognition,Choose Risk by Position and Event - How to Notice It,31,"What result matters, and what risks are actually justified on the board?",Adjust practical risk to score needs only among moves that remain chessically defensible.
973,20,Tournament Craft and Self-Coaching,5,Choose Risk by Position and Event,Board Use,Choose Risk by Position and Event - Use It at the Board,32,"What result matters, and what risks are actually justified on the board?",Adjust practical risk to score needs only among moves that remain chessically defensible.
974,20,Tournament Craft and Self-Coaching,5,Choose Risk by Position and Event,Exceptions,Choose Risk by Position and Event - Know When to Break It,33,What exact feature would justify breaking this advice here?,Adjust practical risk to score needs only among moves that remain chessically defensible.
975,20,Tournament Craft and Self-Coaching,5,Choose Risk by Position and Event,Training,Choose Risk by Position and Event - Make It Automatic,34,"What result matters, and what risks are actually justified on the board?",Adjust practical risk to score needs only among moves that remain chessically defensible.
976,20,Tournament Craft and Self-Coaching,6,Build a Personal Opening File,Core Advice,Build a Personal Opening File - The Rule,36,What one addition would have helped in this game?,"Keep only key positions, explanations, model games, and repairs from your own experience."
977,20,Tournament Craft and Self-Coaching,6,Build a Personal Opening File,Recognition,Build a Personal Opening File - How to Notice It,37,What one addition would have helped in this game?,"Keep only key positions, explanations, model games, and repairs from your own experience."
978,20,Tournament Craft and Self-Coaching,6,Build a Personal Opening File,Board Use,Build a Personal Opening File - Use It at the Board,38,What one addition would have helped in this game?,"Keep only key positions, explanations, model games, and repairs from your own experience."
979,20,Tournament Craft and Self-Coaching,6,Build a Personal Opening File,Exceptions,Build a Personal Opening File - Know When to Break It,39,What exact feature would justify breaking this advice here?,"Keep only key positions, explanations, model games, and repairs from your own experience."
980,20,Tournament Craft and Self-Coaching,6,Build a Personal Opening File,Training,Build a Personal Opening File - Make It Automatic,40,What one addition would have helped in this game?,"Keep only key positions, explanations, model games, and repairs from your own experience."
981,20,Tournament Craft and Self-Coaching,7,Use Questions as an Inner Coach,Core Advice,Use Questions as an Inner Coach - The Rule,42,Which single question unlocks this position?,"Carry a compact set of prompts for threats, candidates, worst piece, breaks, and endpoint evaluation."
982,20,Tournament Craft and Self-Coaching,7,Use Questions as an Inner Coach,Recognition,Use Questions as an Inner Coach - How to Notice It,43,Which single question unlocks this position?,"Carry a compact set of prompts for threats, candidates, worst piece, breaks, and endpoint evaluation."
983,20,Tournament Craft and Self-Coaching,7,Use Questions as an Inner Coach,Board Use,Use Questions as an Inner Coach - Use It at the Board,44,Which single question unlocks this position?,"Carry a compact set of prompts for threats, candidates, worst piece, breaks, and endpoint evaluation."
984,20,Tournament Craft and Self-Coaching,7,Use Questions as an Inner Coach,Exceptions,Use Questions as an Inner Coach - Know When to Break It,45,What exact feature would justify breaking this advice here?,"Carry a compact set of prompts for threats, candidates, worst piece, breaks, and endpoint evaluation."
985,20,Tournament Craft and Self-Coaching,7,Use Questions as an Inner Coach,Training,Use Questions as an Inner Coach - Make It Automatic,46,Which single question unlocks this position?,"Carry a compact set of prompts for threats, candidates, worst piece, breaks, and endpoint evaluation."
986,20,Tournament Craft and Self-Coaching,8,Study Your Best Games Too,Core Advice,Study Your Best Games Too - The Rule,48,What process or pattern should I deliberately repeat?,"Identify strengths, reliable structures, and decisions you made well."
987,20,Tournament Craft and Self-Coaching,8,Study Your Best Games Too,Recognition,Study Your Best Games Too - How to Notice It,49,What process or pattern should I deliberately repeat?,"Identify strengths, reliable structures, and decisions you made well."
988,20,Tournament Craft and Self-Coaching,8,Study Your Best Games Too,Board Use,Study Your Best Games Too - Use It at the Board,50,What process or pattern should I deliberately repeat?,"Identify strengths, reliable structures, and decisions you made well."
989,20,Tournament Craft and Self-Coaching,8,Study Your Best Games Too,Exceptions,Study Your Best Games Too - Know When to Break It,51,What exact feature would justify breaking this advice here?,"Identify strengths, reliable structures, and decisions you made well."
990,20,Tournament Craft and Self-Coaching,8,Study Your Best Games Too,Training,Study Your Best Games Too - Make It Automatic,52,What process or pattern should I deliberately repeat?,"Identify strengths, reliable structures, and decisions you made well."
991,20,Tournament Craft and Self-Coaching,9,Update Goals from Evidence,Core Advice,Update Goals from Evidence - The Rule,54,What has the latest sample actually demonstrated?,Change the training plan when game data shows a different bottleneck or genuine progress.
992,20,Tournament Craft and Self-Coaching,9,Update Goals from Evidence,Recognition,Update Goals from Evidence - How to Notice It,55,What has the latest sample actually demonstrated?,Change the training plan when game data shows a different bottleneck or genuine progress.
993,20,Tournament Craft and Self-Coaching,9,Update Goals from Evidence,Board Use,Update Goals from Evidence - Use It at the Board,56,What has the latest sample actually demonstrated?,Change the training plan when game data shows a different bottleneck or genuine progress.
994,20,Tournament Craft and Self-Coaching,9,Update Goals from Evidence,Exceptions,Update Goals from Evidence - Know When to Break It,57,What exact feature would justify breaking this advice here?,Change the training plan when game data shows a different bottleneck or genuine progress.
995,20,Tournament Craft and Self-Coaching,9,Update Goals from Evidence,Training,Update Goals from Evidence - Make It Automatic,58,What has the latest sample actually demonstrated?,Change the training plan when game data shows a different bottleneck or genuine progress.
996,20,Tournament Craft and Self-Coaching,10,"Think in Years, Train Today",Core Advice,"Think in Years, Train Today - The Rule",60,What small action today contributes to the player I want to become?,Hold long-term ambitions while defining one concrete task for the current session.
997,20,Tournament Craft and Self-Coaching,10,"Think in Years, Train Today",Recognition,"Think in Years, Train Today - How to Notice It",61,What small action today contributes to the player I want to become?,Hold long-term ambitions while defining one concrete task for the current session.
998,20,Tournament Craft and Self-Coaching,10,"Think in Years, Train Today",Board Use,"Think in Years, Train Today - Use It at the Board",62,What small action today contributes to the player I want to become?,Hold long-term ambitions while defining one concrete task for the current session.
999,20,Tournament Craft and Self-Coaching,10,"Think in Years, Train Today",Exceptions,"Think in Years, Train Today - Know When to Break It",63,What exact feature would justify breaking this advice here?,Hold long-term ambitions while defining one concrete task for the current session.
1000,20,Tournament Craft and Self-Coaching,10,"Think in Years, Train Today",Training,"Think in Years, Train Today - Make It Automatic",64,What small action today contributes to the player I want to become?,Hold long-term ambitions while defining one concrete task for the current session.
